note_id,title,l1_main,l2_main,total_interaction,text
69d27b7600000000220000c2,时长半小时！光遇竞速大电影《时代》上线！,时长控制,时长偏好,119246,时长半小时！光遇竞速大电影《时代》上线！ 送给光遇竞速五周年，送给竞速赛场上的每一个人#光遇[话题]# #光遇竞速大电影时代[话题]# #光遇花憩节[话题]# #光遇人均小太阳[话题]# #光遇大电影[话题]# #RED新生代创作大赛[话题]# #二创剧场[话题]#
668cb7c40000000025001978,“仅此782秒，致我永远热泪盈眶的高三.”,观看体验,未分类,37618,"“仅此782秒，致我永远热泪盈眶的高三.” 人没有办法同时拥有青春和对青春的感受；
​但是很庆幸你们至少来过，
​在我的青春里留下炙热的一笔。
高考不是终点，
离别也并非句号。
​祝大家都有光明的未来！
​我们来日方长！
#高考[话题]# #vlog[话题]# #毕业[话题]# #高三[话题]#  #高考加油[话题]# #励志[话题]# #青春回忆[话题]# #青春[话题]# #师大附中[话题]#"
6982b7f1000000002203016b,【长视频】一份人生使用手册：观察并爱自己,社交互动,跨端同步,135436,"【长视频】一份人生使用手册：观察并爱自己 一直没在这边同步，这次也一起发上来吧～
#拥抱我的身体信号[话题]# #观察[话题]# #马住生活的光[话题]# #J人的生活[话题]# #我的天赋进化史[话题]# #爱你老己[话题]# #人生意义[话题]# #计划[话题]# #自我管理[话题]# #如何让人生开挂[话题]# @热点薯"
6764c999000000000b017bcc,五日生活小簿超长版📝自己做干净漂亮饭,未分类,未分类,72231,五日生活小簿超长版📝自己做干净漂亮饭 #vlog[话题]# #vlog我的一天[话题]# #日常饮食[话题]##小红书慢人节[话题]#
6885a7300000000017034ecd,“你打算怎样度过你的人生？”,内容质量,剧情评价,75735,“你打算怎样度过你的人生？” #励志[话题]# #正能量[话题]# #人生[话题]# #正能量[话题]# #高能[话题]# #高分电影[话题]# #电影剪辑[话题]# #我的人生电影[话题]# #努力[话题]# #你将活出怎样的人生[话题]# #你的人生属于你自己[话题]# #去过你想要的生活吧[话题]# #选择你想要的生活[话题]# #你的人生你来定义[话题]# #上海电影节[话题]# #乐观[
69350ce8000000000d0384c3,长视频，建议1.5倍速观看。长期处于慢性压力，容易导致低效和沉溺幻想#慢性压力[话题]# #身体健康[话题]# #心理压力[话题]# #温水煮青蛙[话题]# #低效[话题]# #低价值感[话题]# #学点儿心理学[话题]#,时长控制,倍速播放,82459,长视频，建议1.5倍速观看。长期处于慢性压力，容易导致低效和沉溺幻想#慢性压力[话题]# #身体健康[话题]# #心理压力[话题]# #温水煮青蛙[话题]# #低效[话题]# #低价值感[话题]# #学点儿心理学[话题]# 长视频，建议1.5倍速观看。长期处于慢性压力，容易导致低效和沉溺幻想#慢性压力[话题]# #身体健康[话题]# #心理压力[话题]# #温水煮青蛙[话题]# #低效[话题]# 
66de7848000000000c01a78a,那些我所拥有的「奢侈品」,观看体验,身体疲劳,61373,"那些我所拥有的「奢侈品」 之前刷到 @阿文就是Aya 的视频很有感触
我一直都坚信，金钱从来无法困住我们的步伐。
人生中最重要的东西，也往往都不是购得的。
在我们的身边，有无数像我一样的普通人都拥有着别人买不来也夺不走的、属于自己的奢侈品。
#小红书外人节[话题]#  #户外是我的精神保护区[话题]#  #女性力量[话题]#  #女性觉醒[话题]#  #独立女性[话题]#  #自由[话题]#  #"
67e3c7a0000000001e002ea1,台球公主发癔症,场景使用,剧情评价,61113,台球公主发癔症 #炸裂[话题]# #睡前故事[话题]# #女大学生[话题]# #情感[话题]#
69d45be200000000220034e0,我在哥斯达黎加丛林的25天,时长控制,时长偏好,81751,"我在哥斯达黎加丛林的25天 注意此视频时长140分钟！
这是《雨林时钟》系列 25 天超长完整重制版，把我在雨林里的日夜、遇见的每一个小生命，都原原本本呈现给你。有相遇与告别，有温柔与残酷，有喧嚣也有寂静。
愿你在这片绿色世界里，慢下来，听见自然真正的声音。 #RED新生代创作大赛[话题]#  #科学向导[话题]#  #神奇的动物[话题]# #动物科普[话题]#  #我看到的世界[话题]# #野外"
69bf97c0000000001a030f25,你凭啥免费啊.....,场景使用,剧情评价,49671,你凭啥免费啊..... 库存（发现漏发了一篇）嘻嘻#中尖商[话题]# #抽象[话题]# #真实还原[话题]# #真实事件[话题]# #搞笑[话题]# #吐槽[话题]# #电子榨菜[话题]# #睡前故事[话题]#
693309d0000000001f00c7f6,有被种草的热歌合集～🎧,功能需求,时长偏好,62507,有被种草的热歌合集～🎧 送给大家一小时的音乐#主要是歌好听[话题]# #一直循环播放[话题]# #宝藏歌曲[话题]# #氛围感歌曲[话题]# #宝藏音乐[话题]#
677ba0b1000000000100988f,Study vlog☁️ 无倍速 一小时 白噪音·伴学,时长控制,倍速播放,48959,"Study vlog☁️ 无倍速 一小时 白噪音·伴学 🙇🏻‍♀️最长只能放得下1h
	
🙇🏻‍♀️祝你明天比今天收获更多
	
#学习打卡[话题]# #study[话题]# #study_account[话题]##学习vlog[话题]# #学习供暖计划[话题]# #studyvlog[话题]##治愈[话题]##宝藏新品[话题]##小红书小美说[话题]##REDGLOW[话题]#﻿"
69ccc7bd000000002003b4a4,穷女收入开窍拿结果（深度长视频）,内容质量,未分类,63656,穷女收入开窍拿结果（深度长视频） 我晓得大部分人看不下去，因为很难看需要反复吸收。但我更知道真理在少部分人手里#vlog[话题]# #自媒体[话题]# #个人成长[话题]# #RED新生代创作大赛[话题]# #认知觉醒[话题]#
69c234de000000001a031711,高温幸存一口气看完,行为习惯,观看时长,39596,高温幸存一口气看完 暴雨过后，所有人都欢呼庆祝，却没有人知道更大的灾难即将来临#原创动画[话题]# #末日[话题]# #自然堂小紫瓶[话题]# #抗老精华[话题]# #一口气看完[话题]#
69da2f21000000001a027055,哥们你真是那个....,场景使用,剧情评价,29091,哥们你真是那个.... #中尖商[话题]# #电子榨菜[话题]##睡前故事[话题]##书亦烧仙草[话题]# #书亦超有料[话题]##红豆夹心糯糯珠抹茶[话题]#
684e9eb10000000022024a81,《悉达多》一生的思考与追寻,观看体验,身体疲劳,40646,《悉达多》一生的思考与追寻 为什么乱世总有人读悉达多？黑塞在 1921 年写下的故事，却屡次在一战、二战、越战的硝烟中爆火。当世界用30 岁必须结婚，同龄人年薪百万的标尺丈量你我时，这本书就像蹲在河边的老人，轻声提醒着我们：​​一个人有所追寻时，他只会看到所追寻之物。求知或做人，每条路都铺满荆棘，每个人都必须独行，没人能替你痛。​​做一条浑浊的河吧，别问什么是对的，答案不在对岸，而在你掀起的水花里
68bc303f000000001c00f9bd,团宠跟班 47分钟纯享,内容质量,剧情评价,39652,团宠跟班 47分钟纯享 #搞笑[话题]# #猫meme[话题]# #剧情需要请勿当真[话题]# #根据小说改编[话题]# #团宠[话题]#
696cacf90000000022008f61,《柿子爽嘴》1-22大合集,观看体验,剧情评价,35371,《柿子爽嘴》1-22大合集 #猫meme[话题]# #猫meme小剧场[话题]# #超爆小故事[话题]# #剧情[话题]# #女频[话题]#
69a173f3000000001d012ffa,#一口气看完系列[话题]# 极寒末世来临，而我却在壁炉旁吃火锅。完整版！#末日生存[话题]# #末世[话题]# #末日囤货文[话题]#,行为习惯,观看时长,33495,#一口气看完系列[话题]# 极寒末世来临，而我却在壁炉旁吃火锅。完整版！#末日生存[话题]# #末世[话题]# #末日囤货文[话题]# #一口气看完系列[话题]# 极寒末世来临，而我却在壁炉旁吃火锅。完整版！#末日生存[话题]# #末世[话题]# #末日囤货文[话题]#
69f7d41d0000000036032f7c,叶罗丽拆卡长视频：回家吧女儿回家吧🥺,未分类,未分类,25341,叶罗丽拆卡长视频：回家吧女儿回家吧🥺 #觅柔的拆卡日记[话题]# #拆卡日记[话题]# #拆卡视频[话题]# #叶罗丽卡片[话题]# #拆卡[话题]# #叶罗丽[话题]# #拆卡日常[话题]# #精灵梦叶罗丽[话题]# #叶罗丽精灵梦[话题]# #吃谷[话题]#
667d2b7e000000001c021c60,真怕这些镜头被拆穿 这些剧原来是这样拍成的#经典老剧[话题]# #港星女神[话题]# #记录我的生活[话题]# #生活需要分享欲[话题]# #每秒都值得记录[话题]# #用小红书记录点滴生活[话题]# #搞笑[话题]#,功能需求,分享推荐,24937,真怕这些镜头被拆穿 这些剧原来是这样拍成的#经典老剧[话题]# #港星女神[话题]# #记录我的生活[话题]# #生活需要分享欲[话题]# #每秒都值得记录[话题]# #用小红书记录点滴生活[话题]# #搞笑[话题]# 真怕这些镜头被拆穿 这些剧原来是这样拍成的#经典老剧[话题]# #港星女神[话题]# #记录我的生活[话题]# #生活需要分享欲[话题]# #每秒都值得记录[话题]# #用小红书记
67a4790100000000170382db,我的世界雾中人生存一口气看完！超温馨治愈合家欢！﻿#我的世界[话题]#﻿ ﻿#minecraft[话题]#﻿,情绪感受,正面情绪,34213,我的世界雾中人生存一口气看完！超温馨治愈合家欢！﻿#我的世界[话题]#﻿ ﻿#minecraft[话题]#﻿ 我的世界雾中人生存一口气看完！超温馨治愈合家欢！﻿#我的世界[话题]#﻿ ﻿#minecraft[话题]#﻿
69fdd30800000000360024fa,再见了，所有的爬虫战士,功能需求,未分类,39530,再见了，所有的爬虫战士 #爬虫[话题]# #数据挖掘[话题]# #数据科学[话题]# #数据分析[话题]# #ai[话题]# #ai智能体[话题]# #浏览器智能体[话题]# #好视频扶持计划[话题]#
6946c4c20000000019024dc6,完整版！我囤货躺赢！,观看体验,正面情绪,28857,完整版！我囤货躺赢！ #一口气看完系列[话题]# #末日生存[话题]# #复仇爽文[话题]# #末日囤货文[话题]#
688c28fa000000002501ae4d,ASMR|让你困到眼睛睁不开的助眠,观看体验,视觉疲劳,26397,ASMR|让你困到眼睛睁不开的助眠 #goodhealth牡蛎精[话题]# #goodhealth[话题]# #好健康牡蛎精[话题]# #声控助眠[话题]# #asmr助眠[话题]# #asmr[话题]# #助眠[话题]# #解压声控[话题]# #助眠视频[话题]# #ASMR[话题]#
69f60e52000000003502e931,来看看我在上海GAF怒花4K买了些啥🍡长视频,观看体验,沉浸感,23710,"来看看我在上海GAF怒花4K买了些啥🍡长视频 剪完视频发现光在杉跟杏两个区逛了
其他的一家没逛到哈哈哈
#00:05[时刻]# 杏406
#00:22[时刻]# 杏254
#00:41[时刻]# 杏255
#01:19[时刻]# 杏107
#02:07[时刻]# 杉434
#02:32[时刻]# 杉413
#03:01[时刻]# 杏209
#03:23[时刻]# 杏232
#03:48[时刻]# "
69368ae2000000001e00ed9d,居民楼怪谈合集,行为习惯,观看时长,28304,居民楼怪谈合集 居民楼怪谈合集 一口气看完居民楼里的规则怪谈，究竟是怎样的楼房会同时出现十三条规则呢#原创动画[话题]# #一口气看完系列[话题]# #动画[话题]# #惊悚悬疑[话题]# #规则怪谈[话题]#
69d50f1500000000210398e4,让你在四分钟入睡🛌💤,观看体验,沉浸感,23585,让你在四分钟入睡🛌💤 【daridrea】口腔音｜视觉助眠｜轻语 #声控助眠[话题]# #助眠[话题]# #asmr[话题]# #沉浸式入睡[话题]# #解压助眠[话题]# #助眠解压伴你入睡[话题]# #asmr助眠[话题]# #asmr助眠敲击音[话题]##口腔音[话题]# #助眠视频[话题]#
697c9a5c0000000022020cb5,超长完整版！一口气看完莉莉末日囤货完整版,场景使用,剧情评价,23478,超长完整版！一口气看完莉莉末日囤货完整版 #原创动画[话题]# #末日求生[话题]# #末日生存[话题]# #睡前故事[话题]# #末日[话题]# #解说[话题]#
68a59dd4000000001c032127,吃饭时间来看一集超下饭的蜡笔小新吧~,时长控制,时长偏好,19072,吃饭时间来看一集超下饭的蜡笔小新吧~ ﻿#蜡笔小新[话题]#﻿ ﻿#动漫[话题]#﻿
69f350120000000036003394,世界向沈星回俯首称臣而他的渴求皆因你而起,未分类,分享推荐,18649,世界向沈星回俯首称臣而他的渴求皆因你而起 一期解读长视频献给沈星回和爱他的人 #沈星回[话题]# #恋与深空[话题]# #恋与深空热雾情深[话题]# #恋与深空爱浴卡[话题]# #恋与深空渴慕与浮沉[话题]#
676cf5e2000000000800c23e,可能是你刷到过最细的《红楼梦》讲解视频,未分类,短视频对比,21359,可能是你刷到过最细的《红楼梦》讲解视频 ﻿#红楼梦[话题]#﻿ ﻿#曹雪芹[话题]#﻿ ﻿#名著[话题]#﻿ ﻿#林黛玉[话题]#﻿ ﻿#贾宝玉[话题]#﻿
687f698e000000001d00d863,（完整版）当你抛100次硬币都是正面时…,未分类,未分类,17396,（完整版）当你抛100次硬币都是正面时… #原创动画[话题]# #动漫[话题]# #悬疑[话题]# #细思极恐[话题]#
6887cd630000000012030ee5,百年百本诺贝尔奖作品解读：第一本《窄门》,时长控制,时长偏好,20200,百年百本诺贝尔奖作品解读：第一本《窄门》 百年百本诺贝尔奖作品解读——第1本：1947年诺奖得主纪德的《窄门》。这是一个全新的栏目。书虫将向你详细讲解百年来诺贝尔文学奖的必读经典，我们一起去品读那些被时间加冕的不朽名著。视频有点长，你可以收藏起来慢慢听。我们的第一站，便是1947年诺奖得主安德烈·纪德笔下那扇令人心碎的《窄门》。分享书里的一段美文：“我常常感到爱情是我身上最美好的东西，我的一切美德
6722566b000000001d0382dc,付航脱口秀58分钟合集@付航脱口秀 每一个ADHD多动症养育者，都要去认识他爸爸#付航脱口秀[话题]# #付航passion[话题]# #付航[话题]# #付航[话题]##付航北京[话题]# #ADHD[话题]# #多动症[话题]# #adhd[话题]# #adhd[话题]# #小红书运营干货[话题]#,未分类,观看时长,19927,付航脱口秀58分钟合集@付航脱口秀 每一个ADHD多动症养育者，都要去认识他爸爸#付航脱口秀[话题]# #付航passion[话题]# #付航[话题]# #付航[话题]##付航北京[话题]# #ADHD[话题]# #多动症[话题]# #adhd[话题]# #adhd[话题]# #小红书运营干货[话题]# 付航脱口秀58分钟合集@付航脱口秀 每一个ADHD多动症养育者，都要去认识他爸爸#付航脱口秀[
69b75818000000001d01facc,当童话照进现实，请为自己戴上王冠,未分类,观看频率,14561,当童话照进现实，请为自己戴上王冠 #我在小红书追剧[话题]# #公主日记[话题]# #影视解说[话题]#
688729cc0000000011002094,74分钟，一口气看完量子力学（上集）,内容质量,制作水平,25651,74分钟，一口气看完量子力学（上集） 本视频耗时三个月，制作共计74分钟，将为你深度解读量子力学全貌，包括量子纠缠，量子隧穿，量子退相干，意识与观察者效应，波函数与概率波，测量坍塌效应，延迟选择量子擦除实验，量子计算机原理，哥本哈根诠释，量子场论！一口气带你看懂量子力学的核心知识﻿#量子力学[话题]#﻿ ﻿#科普[话题]#﻿ ﻿ ﻿#物理学[话题]#﻿ ﻿#科学[话题]#﻿
6965bfbd000000000a02c2ff,《魔丸保姆》全集#猫meme[话题]# #猫meme小剧场[话题]##猫meme日常[话题]# #抽象[话题]##小说[话题]#,未分类,未分类,16528,《魔丸保姆》全集#猫meme[话题]# #猫meme小剧场[话题]##猫meme日常[话题]# #抽象[话题]##小说[话题]# 《魔丸保姆》全集#猫meme[话题]# #猫meme小剧场[话题]##猫meme日常[话题]# #抽象[话题]##小说[话题]#
691d275e000000001e022810,一口气看完一整部恐怖片《找到你了》,行为习惯,观看时长,14247,一口气看完一整部恐怖片《找到你了》 一口气看完一整部恐怖片《找到你了》#惊悚片[话题]# #悬疑惊悚[话题]# #恐怖片[话题]# #电影解说[话题]# #恐怖悬疑[话题]# #解说[话题]# #一口气看完[话题]# #高分电影[话题]# #原创影视解说[话题]# #我的观影报告[话题]#
68552bb3000000002001abc2,一部被片名耽误的神作！《油炸绿番茄》,内容质量,剧情评价,14079,"一部被片名耽误的神作！《油炸绿番茄》 34年前，她们就拍出了女性最需要的电影！复仇+悬疑+治愈+救赎，一个关于她们的故事，女性间的相互救赎永远值得被歌颂！
﻿#油炸绿番茄[话题]#﻿ ﻿#影视解说[话题]#﻿ ﻿#电影解读[话题]#﻿ ﻿#经典电影[话题]#﻿ ﻿#百合[话题]#﻿ ﻿#橘里橘气[话题]#﻿"
6931acc6000000000d03496b,"求推荐b站下饭or唠嗑长视频，适合当背景板时不时看一眼的那种。做事情的时候总喜欢电脑播点什么玩意儿听个声，时不时抬头看一眼。看日漫或者美剧呢需要时刻盯着字幕，游戏实况呢也没找到合心意的...
	
二编:可自荐。个人喜好thh的游戏实况，影视飓风团队的长视频，还有罗永浩访谈这一类的视频。",功能需求,制作水平,20038,"求推荐b站下饭or唠嗑长视频，适合当背景板时不时看一眼的那种。做事情的时候总喜欢电脑播点什么玩意儿听个声，时不时抬头看一眼。看日漫或者美剧呢需要时刻盯着字幕，游戏实况呢也没找到合心意的...
	
二编:可自荐。个人喜好thh的游戏实况，影视飓风团队的长视频，还有罗永浩访谈这一类的视频。 求推荐b站下饭or唠嗑长视频，适合当背景板时不时看一眼的那种。做事情的时候总喜欢电脑播点什么玩意儿听个声，时不时"
6982ed0f0000000028008071,求学习时可以放的视频推荐,观看体验,沉浸感,17190,"求学习时可以放的视频推荐 如题，是那种一个人安静做自己事的长视频推荐(无bgm)看别人在自己面前做点事情会觉得很踏实
想学习的时候在旁边放着看，内容是做手帐拼贴造景贴纸学习生活助眠视频还是vlog都可以，不太无聊的，看着会有一种更热爱生活的感觉，希望有半小时以上的长度
	
请直接把视频甩我脸上🥺
不看综艺小说电视剧
	
我自己看的：阿b：混搭战神（一边聊天做手帐）
声格cresound（混音师听歌"
69e98736000000002200eb73,《搞笑动物大合集》耗时两年半，时长3615秒,时长控制,时长偏好,19418,《搞笑动物大合集》耗时两年半，时长3615秒 #搞笑动物解说[话题]# #搞笑[话题]# #动物世界[话题]#
67800748000000000203c6dc,放假刷到我算是有福了🤩,平台对比,B站体验,16217,放假刷到我算是有福了🤩 #某幻君[话题]# #哔哩哔哩[话题]# #老番茄[话题]# #电子榨菜[话题]# #中国boy[话题]# #刷到就是赚到[话题]##放假[话题]#
69fc58f8000000003701edf8,ASMR 1小时温柔眼部清洁｜黏腻嘴部音｜超近距,观看体验,沉浸感,13529,"ASMR 1小时温柔眼部清洁｜黏腻嘴部音｜超近距 沉浸式1小时温柔眼部护理 ✨
超近距离的细腻清洁、黏腻嘴部音与轻柔环境音乐，带来放松又安心的ASMR体验。适合睡前、学习放松或减压时收听，让自己慢慢进入平静状态💤
🌙 无人声
🎧 建议佩戴耳机获得更佳体验
✨ 包含：眼部清洁 / 轻柔护理 / Sticky Mouth Sounds / Ambient Music
#ASMR[话题]#
#眼部清洁["
69eb4eea000000003501d280,女宝！不要让短视频吞没你的脑子2.0🎬,功能需求,智能推荐,15129,"女宝！不要让短视频吞没你的脑子2.0🎬 长视频&播客推荐第二期来啦！希望大家喜欢🫶
	
也欢迎大家在评论区互相分享宝藏电影/播客哟
	
#电影推荐[话题]# #女性主义[话题]# #穿普拉达的女王[话题]# #播客推荐[话题]# #女性成长[话题]#  #自我提升[话题]# #高中生[话题]# #女大学生[话题]# #Allin我自己[话题]#"
66dc1117000000001e01b16a,推文素材，礼貌拿,情绪感受,正面情绪,15910,推文素材，礼貌拿 #推文素材[话题]#  #小说推文素材免费自取[话题]#  #解压[话题]#
6a002647000000003502f60b,一期视频看懂九子夺嫡,观看体验,沉浸感,13252,一期视频看懂九子夺嫡 #RED新生代创作大赛[话题]# #中国历史[话题]# #人文历史趣发现[话题]# #嫡长子与生俱来的威严[话题]# #历史知识[话题]# #历史的遗憾[话题]# #历史文化[话题]# #一读就上瘾的中国史[话题]# #历史人物[话题]# @薯队长 @薯管家
694de7cd000000001e0082a4,就他了！开睡！,场景使用,剧情评价,14859,就他了！开睡！ 一口气听完张居正的一生！#历史集说[话题]# #明朝[话题]# #张居正[话题]# #历史人物[话题]# #睡前故事[话题]#
6885c749000000002400a88e,本视频共耗时三个半月制作，奇葩动物大合集,内容质量,制作水平,14715,本视频共耗时三个半月制作，奇葩动物大合集 本视频共耗时三个半月制作，一口气带您看完各种动物的奇葩日常 ﻿#动物科普[话题]#﻿ ﻿#动物解说[话题]#﻿ ﻿#一代人有一代人的动物世界[话题]#﻿ ﻿#神奇动物在小红书[话题]#﻿ ﻿#奇葩动物[话题]#﻿ ﻿#动物的迷惑行为[话题]#﻿
696c77100000000022008b91,一小时超长合集：祝大家晚安好梦~,行为习惯,时长偏好,15507,一小时超长合集：祝大家晚安好梦~ #末日[话题]# #末日生存[话题]# #末世[话题]# #原创动画[话题]# #合集[话题]# #一口气看完[话题]# #一口气看完系列[话题]# #极寒[话题]# #末世[话题]#
690870410000000005038b88,最好是恐游/剧情向，视频越长越好,内容质量,剧情评价,15178,"最好是恐游/剧情向，视频越长越好 如题，是苦逼小画手需要一边敲屏幕一边看(听？)，抬头频率特别特别低，又听的很认真不想错过各种剧情细节[完啦R]
各位一线例如桃黑黑散人都快要听完了，最喜欢的是岚少所有视频都已经看包浆了....
想求助一下大家还有没有什么珍藏....(私心是比较喜欢声音好听的、不要太嗲女声)
	
#不知道打什么标签[话题]# #求助[话题]# #up主推荐[话题]# #生活小妙招["
68479e5c000000002100d197,一些我画画的时候听的东西,功能需求,剧情评价,15058,"一些我画画的时候听的东西 唐突汇总一下我的电子榨菜，因为博主属于非常喜欢听故事并且画画的时候一定要听点有情节的东西的人，同时发现大家好像都有点头疼画画的时候听什么的问题，于是把我的私货整理了一下…具体如下图，分为讲故事/游戏实况/跑团实况/公开课四部分:
	
因为博主学历也比较一般所以知识密度高的低的都有，大家各取所需，总的来说大概标准如下:
1.口条清晰，不需要字幕
2.没有很晦涩的内容
3.够"
68cd667e000000000b01353b,AI视频生产流程，收藏这篇就够！,时长控制,剧情评价,19112,"AI视频生产流程，收藏这篇就够！ 今天给你们上一套完整的AI视频【工业流程】！ 亲测有效，从想法到成片，一条龙直接毕业🎓 想做AI博主或者搞副业的，赶紧把这份作业抄走！
	
1️⃣ 剧本和分镜稿：交给AI大脑🧠
▪️ 工具：ChatGPT / Claude / Deepseek 别自己苦哈哈想了！直接跟AI说你要啥。
直接复制这段“咒语”去用： 「写一个60秒视频脚本，主题是[xxx]，风格[xx"
69706c62000000000a028095,一口气看完（大胃王吃播）完结文小故事,观看体验,剧情评价,10473,一口气看完（大胃王吃播）完结文小故事 #一口气看完[话题]# #沙雕动画[话题]# #完结文[话题]# #爽文[话题]# #电子榨菜[话题]# #睡前故事[话题]# #动画小故事[话题]# #吃播[话题]#
69398b78000000000d00f849,ASMR | 荒野求生徒步，你会带哪个压缩食物？,内容质量,制作水平,10231,"ASMR | 荒野求生徒步，你会带哪个压缩食物？ 接上一期的压缩食物，第二期来喽！
#asmr[话题]# #解压[话题]# #极度舒适[话题]##有趣的美食[话题]#＃食尖上的旅行 #荒野求生[话题]# #asmr治愈[话题]##aiasmr[话题]##asmr[话题]##AlChannel[话题]# ⚠️ai制作的视频，仅供娱乐哦！请注意甄别！"
68c2d2a4000000001b03c295,求推荐挂机视频,功能需求,沉浸感,14240,"求推荐挂机视频 画作业的时候用，所以不能经常抬头看
比较倾向于长视频，比如电影拉片解说，科普视频和游戏实况。
科普的话不限语种，听了能在我光滑的大脑上留下一点印象就行。游戏的话中英文都可以，最好是mc那种类型的，场景不用太吸睛但是内容有的看。
up主声音要温柔一点最好普通话标准口齿清晰。我比较喜欢的类似吾乃肆玖或者fafaidv那种声音你们听过就知道大概是半死不活但是淡淡幽默的
谢谢！
#求助[话"
68dbb2210000000005003e6d,兽神之路1~15（75分钟完结爽剧！）,观看体验,正面情绪,14214,兽神之路1~15（75分钟完结爽剧！） 你重生回到三个月前的御兽大典，激活了金手指戳谁谁噶，走上了御兽王之路。#二次元[话题]#  #原创动画[话题]#  #原创动漫[话题]#  #原创漫画[话题]#  #一口气看完系列[话题]#
68fcc26d000000000703a3c1,沉浸式切菜合集！10分钟超长解压纯享版,观看体验,沉浸感,8232,沉浸式切菜合集！10分钟超长解压纯享版 这一期视频素材搜集了半年哈哈哈哈哈哈#留学生做饭讲究学[话题]# #备餐[话题]# #留学生[话题]# #沉浸式极度舒适[话题]# #解压视频[话题]# #沉浸式解压[话题]# #切菜[话题]# #沉浸式切菜[话题]#
679a8797000000001703bd0b,荒野建造60分钟合集一次看个够,观看体验,沉浸感,12368,"荒野建造60分钟合集一次看个够 谁能拒绝在失眠的时候刷上一集解压的荒野建造，看完保证你能睡上美美的一觉。（荒野建造一口气看完系列，沉浸式荒野建造，完整长视频无解说）纯净版
﻿#解压[话题]#﻿  ﻿#助眠[话题]#﻿  ﻿#荒野建造[话题]#﻿  ﻿#野外生存[话题]#﻿  ﻿#荒野独居[话题]#﻿"
68fddd540000000004014343,超好听的粉丝投稿音乐合集（一个小时版）,功能需求,智能推荐,11425,"超好听的粉丝投稿音乐合集（一个小时版） #音乐推荐[话题]# #歌曲推荐[话题]# #音乐分享[话题]# #戴上耳机[话题]# #0:00[时刻]# 心如止水
#2:54[时刻]# 绝对占有  相对自由
#8:11[时刻]# Time machine
#11:34[时刻]# 阳光下的星星
#15:49[时刻]# 太聪明
#20:02[时刻]# After17
#22:26[时刻]# 听夜雨
#25"
68539d4b00000000170363f2,求推荐不太需要眼睛的,观看体验,视觉疲劳,15198,"求推荐不太需要眼睛的 工作和做手工的时候喜欢放点视频当背景音，想找点不需要太用眼睛看的视频。
个人常看类型：单机恐怖游戏（包括实况和直播录播）
常看游戏类型：日式RPG、MC长期生存、其它单机恐游……
单个视频长度希望不小于三十分钟。
常看的UP：中国BOY、与山、Airly、谜之声、某幻（直播录播）、盒子酸奶（直播录播）
	
另外我最近也在找悬疑类的电视剧（想稍微老点的剧），或者有那种影视剧长解"
6991fafe000000001d026aad,海啸来袭，你想登上哪一搜方舟？#治愈系[话题]# #助眠[话题]# #解压[话题]# #AICG[话题]# #末日[话题]# #荒野求生[话题]# #海啸[话题]# #amsr[话题]# #视觉震撼力[话题]# #内容极度舒适[话题]#,情绪感受,睡前场景,9187,海啸来袭，你想登上哪一搜方舟？#治愈系[话题]# #助眠[话题]# #解压[话题]# #AICG[话题]# #末日[话题]# #荒野求生[话题]# #海啸[话题]# #amsr[话题]# #视觉震撼力[话题]# #内容极度舒适[话题]# 海啸来袭，你想登上哪一搜方舟？#治愈系[话题]# #助眠[话题]# #解压[话题]# #AICG[话题]# #末日[话题]# #荒野求生[话题]# #海啸[话题]
667016b30000000006006fc7,长视频预警⚠️100点切煤七分半拆到爽～,观看体验,正面情绪,6841,"长视频预警⚠️100点切煤七分半拆到爽～ 硬生生囤了三箱切煤 剪成唠嗑的中长视频
不知道你们喜不喜欢看啊啊啊啊
喜欢看这种长度的视频的话我以后多剪点
#快乐恰谷[话题]# #谷子开箱[话题]# #蓝色监狱[话题]# #蓝锁[话题]# #乐一番[话题]# #凪玲[话题]# #切煤开箱[话题]# #坂本days[话题]# #坂本日常[话题]# #有月憬[话题]#"
67e7a3db000000001200d1d8,看完两个长视频感觉还能溺爱B站很久…,内容质量,身体疲劳,8799,看完两个长视频感觉还能溺爱B站很久… 两个昨天更新的视频，今天在电视首页刷到，一个是轨迹球TRACKBALL的《互联网上，没人知道内蒙草原的这些神秘图案》，另一个是江寻千的《这里的女孩不嫁人，永远都跟妈妈在一起》，两个up我都没有关注，两个视频加一起快半个小时，我都静静看完了，每一个都让人动容，看完后下面相关推荐了HOPICO最新一期视频，质量也是一如既往的高，很喜欢这种有点电台式安安静静讲音乐的
683d19ef000000002100d1e8,猫和老鼠141-150,内容质量,剧情评价,22221,"猫和老鼠141-150 猫和老鼠精彩持续更新中.....
﻿#猫和老鼠[话题]#﻿ ﻿#童年[话题]#﻿ ﻿#动画电影[话题]#﻿ ﻿#汤姆[话题]#﻿ ﻿#杰瑞[话题]#﻿"
6921660c000000001e00d6be,爆肝一坤年，带你一口气看完《鬼灭之刃》,时长控制,时长偏好,11788,爆肝一坤年，带你一口气看完《鬼灭之刃》 1-4季全部内容，总时长186分钟，建议收藏后观看_鬼灭之刃 _一口气看完系列#鬼灭之刃[话题]# #动画解说[话题]# #日漫推荐[话题]# #番剧推荐[话题]# #动漫[话题]#
69b7d8c1000000001a0284e3,近一小时末世合集来啦，非常适合下饭助眠哦#原创动画[话题]# #末世[话题]# #一口气看完[话题]# #助眠[话题]#,行为习惯,时长偏好,10067,近一小时末世合集来啦，非常适合下饭助眠哦#原创动画[话题]# #末世[话题]# #一口气看完[话题]# #助眠[话题]# 近一小时末世合集来啦，非常适合下饭助眠哦#原创动画[话题]# #末世[话题]# #一口气看完[话题]# #助眠[话题]#
66727859000000001d015da0,要充会员的，我给你们看。,付费会员,长视频平台,10913,要充会员的，我给你们看。
698b4216000000001a03647f,"【berlin】警告：除非你准备睡觉，否则不要观看这个ASMR视频
#助眠[话题]# #放松[话题]# #沉浸[话题]# #角色扮演[话题]# #多种触发音[话题]#",观看体验,沉浸感,7988,"【berlin】警告：除非你准备睡觉，否则不要观看这个ASMR视频
#助眠[话题]# #放松[话题]# #沉浸[话题]# #角色扮演[话题]# #多种触发音[话题]# 【berlin】警告：除非你准备睡觉，否则不要观看这个ASMR视频
#助眠[话题]# #放松[话题]# #沉浸[话题]# #角色扮演[话题]# #多种触发音[话题]#"
69d9fbc10000000022024e6a,一口气30分钟，带你看完最新爆火韩剧,行为习惯,观看时长,6791,一口气30分钟，带你看完最新爆火韩剧 #我的观影报告[话题]# #小红书短电影[话题]# #韩剧解说[话题]# #一口气看完[话题]# #解说[话题]#
6938efe1000000001d03eab6,一口气看完（金钱的诱惑）完结版小故事,观看体验,剧情评价,6346,一口气看完（金钱的诱惑）完结版小故事 #一口气看完[话题]# #沙雕动画[话题]# #睡前故事[话题]# #电子榨菜[话题]# #爽文[话题]# #完结文[话题]# #重生[话题]# #结局令人舒适[话题]# #情感故事[话题]# #小故事[话题]#
69c2b0ec0000000020038dfb,ASMR超长合集版，可以听着睡觉啦,情绪感受,睡前场景,6105,ASMR超长合集版，可以听着睡觉啦 #aha这也是艺术[话题]# #解压治愈[话题]# #asmr助眠[话题]# #极度舒适[话题]# #解压助眠[话题]# #助眠[话题]# #声控助眠[话题]# #asmr助眠敲击音[话题]#
69ae610c000000001b01c441,别开倍速 怕你痛痛~,时长控制,倍速播放,6528,别开倍速 怕你痛痛~ #推荐[话题]# #新人博主[话题]# #带上耳机聆听效果更佳[话题]# #助眠[话题]#  #助眠解压伴你入睡[话题]# #轻轻敲醒沉睡的心灵[话题]# #解压助眠[话题]# #没有不良导向的意思[话题]# #此处无声胜有声[话题]# #请看到最后[话题]#
69a93482000000002800892f,B站有什么轻松又好看的长视频,内容质量,剧情评价,8606,"B站有什么轻松又好看的长视频 《守护解放西》这种纪录片，各种医疗纪录片《人生第一次》，《中国医生》啥的，或者下一个是谁，羊村这类的UP主集体活动，还有我的年度UP主大物的所有视频。食贫道这类UP也可以。
因为平时比较喜欢看长视频，但又倾向于轻松或者能学到生活知识的那一类视频，感觉看遍了[哭惹R] #B站[话题]# #大物是也[话题]# #下一个是谁[话题]#  #守护解放西6[话题]#
	
二编："
699423f7000000001a035a3b,25时（荒野求生）合集一口气看完,行为习惯,观看时长,7467,25时（荒野求生）合集一口气看完 #世界计划[话题]# #25时[话题]# #荒野求生[话题]# #合集[话题]# #致歉一切[话题]#
69509424000000001e002411,一口气看完韩国悬疑电影《钱》,行为习惯,观看时长,6979,一口气看完韩国悬疑电影《钱》 #一剪到底[话题]# #犯罪[话题]# #悬疑[话题]# #电影解说[话题]#
69ea1bba0000000020006003,这是一条长视频！虽迟但到！,社交互动,观看时长,7487,"这是一条长视频！虽迟但到！ 好多人让我讨论这个案件，准备了好几天，终于又是一条长视频！办了婚礼没领证，刚刚生完孩子就被男友起诉。
#RED新生代创作大赛[话题]#  #万物漫评[话题]# #女性成长[话题]# #一定要看完[话题]# #婚姻情感[话题]# #结婚[话题]# #案件解读[话题]# #社会观察[话题]# #仁仁律师[话题]#"
6810a3fb0000000020029d29,一口气看完《签到天赋》合集,行为习惯,观看时长,7060,一口气看完《签到天赋》合集 ﻿#原创动漫[话题]#﻿ ﻿#二次元[话题]#﻿ ﻿#原创动画[话题]#﻿
69da7419000000001b021bae,最近迷上了看mc长视频,观看体验,智能推荐,7281,"最近迷上了看mc长视频 求推荐，画稿看这种视频太舒服了，最好是国内软件能看到的
#mc[话题]#"
69f44277000000001f000ecd,《真实之证》1~13合集|能看懂版,行为习惯,观看时长,5370,《真实之证》1~13合集|能看懂版 #原创动画[话题]# #悬疑推理[话题]# #二次元[话题]# #一口气看完系列[话题]#
69eb3126000000002301d8d1,暴雨哄睡版,行为习惯,睡前场景,5216,暴雨哄睡版 哄睡版｜温柔雷雨助眠音 起初只是晨间细雨，偏爱雨季的我满心欢喜#原创动画[话题]# #末世[话题]# #助眠[话题]# #一口气看完系列[话题]# #暴雨[话题]#
69595b8b0000000022021fe6,（长视频预警）十万伏特收官安可完整版,未分类,未分类,5077,"（长视频预警）十万伏特收官安可完整版 雾都孤儿+星星坠落时+银河
#汪苏泷十万伏特[话题]# #世界上最后一场十万伏特[话题]#"
69ef7f9f0000000035022396,一到半夜就想吃东西怎么办？那就看集蜡笔小,未分类,未分类,4001,一到半夜就想吃东西怎么办？那就看集蜡笔小
6687c31c000000000a0041cf,地球曾失忆10亿年？！那些被抹去的远古记录……,功能需求,剧情评价,5114,地球曾失忆10亿年？！那些被抹去的远古记录…… #当然要记录啊[话题]# #每秒都值得记录[话题]# #奇闻趣事[话题]# #真实还原[话题]# #历史那些事儿[话题]# #奇闻异事[话题]# #悬疑[话题]# #地球[话题]# #历史[话题]# #内容过于真实[话题]# #老雷的睡前故事[话题]#
69393b10000000001b031085,隐秘公交完整版,场景使用,通勤场景,4513,隐秘公交完整版 【隐秘公交】完整版#悬疑[话题]# #原创动画[话题]# #一口气看完系列[话题]#
6940d005000000001e00fba8,求推荐长时绘画陪伴视频,观看体验,沉浸感,5859,"求推荐长时绘画陪伴视频 本人注意力涣散+厚涂喜欢拉长战线绘画。
倾向看长主机游戏实况或动物旅行纪录片。
视频可以是无解说沉浸。
	
类似赛万味超人《寂静岭一周目》和昭霖黄瓜小卷《生化危机4高难无伤》的长度。（这两个分别是9h和11h）
	
【PS:摸鱼事务、散人、戒社不用推荐，一小时内对我来说时常不够，且不喜欢听赛博反省/他人苦难。】
	
后编:
回不过来，慢慢看后评了，感谢大家留言分享💖，收藏随"
69c3c16c0000000023007974,以森为翼 飞往氤氲之春 | 25分钟治愈轻音乐,内容质量,制作水平,5689,"以森为翼 飞往氤氲之春 | 25分钟治愈轻音乐 日常推荐英文歌曲和轻音乐，欢迎来到我的音乐旅程！
氤氳之森 -  CMJ
春天是一首浪漫诗 -  Youzee Music
林涧回响 -  CMJ
与你续写春诗 -  Hea2t
猫眼中的森林 -  CMJ
视频制作：Ellie的音乐屋（网易云用户同名）
本视频歌曲仅作为安利分享，歌曲版权和封面版权均属于其原创作者所有，侵权请联系删除
	
#宝藏歌单"
686119e5000000000d026ad2,一口气看完大叔转生恶役大小姐 完整版,行为习惯,观看时长,4394,一口气看完大叔转生恶役大小姐 完整版 一口气看完大叔转生恶役大小姐 完整版 恶役千金的外表大叔的心﻿#动漫解说[话题]#﻿ ﻿#二次元[话题]#﻿ ﻿#日漫[话题]#﻿
68ad5190000000001c00b062,2小时一口气看完完整版甄嬛传,内容质量,视觉疲劳,4024,2小时一口气看完完整版甄嬛传 2小时一口气看完完整版 ﻿#甄嬛传[话题]#﻿ 《甄嬛传》以深宫为镜，照见权谋与爱恨交织的女性史诗，在荣辱沉浮中折射人性光辉与黑暗。而“会說話”的解读如金线绣牡丹——既精准刺中剧情命脉，又以绮丽笔墨复活角色灵魂，让宫斗叙事升华为对命运与权力的哲学叩问，堪称评析界的华彩篇章。﻿#一口气[话题]#﻿ ﻿#一口气看完[话题]#﻿ ﻿#抖荫米青走先[话题]#﻿ ﻿#电视剧[话
69f9ff77000000003501dfd6,一个线上圣地巡礼的长视频留念,时长控制,时长偏好,3125,一个线上圣地巡礼的长视频留念 魂太这个线上的圣地巡礼真的做的太好了🥺小光和sai就这样一直萌萌的在一起，一个超级长的快8分钟的留念，中间有一段时间因为配乐是随着大屏的，有一长段间隔是没有声音的，而且伴随着我偶尔的放大缩小且会有重复的路程，有大家真的太幸福了#棋魂[话题]#
680eff1d000000002202b7da,这还是短视频app吗？,功能需求,剧情评价,3775,"这还是短视频app吗？ 最近痴迷《红楼梦》，原著看起来有点慢，就想看看解说和87版电视剧，偶然间发现了这个博主，这视频真不是一般的长啊，花了7个半小时刷完了，真的从白天看到了黑夜，比看过的电影还要长的多，唯一的遗憾是只讲了前八十回，后面二十回没有讲解，有一百二十回详细解说的博主推荐吗？
———————分割线—————————
记录一下，2025年5月25日终于一字不差的看完了全书，心中感慨万千，为"
67af0d68000000002802a65f,偷吃番茄，偶遇渣鼠，智斗胖橘猫,未分类,未分类,7120,"偷吃番茄，偶遇渣鼠，智斗胖橘猫 仓鼠妈妈花园历险记：偷吃番茄，偶遇渣鼠，智斗胖橘猫
﻿#探秘自然[话题]#﻿ ﻿#纪录片[话题]#﻿ ﻿#黑腹仓鼠[话题]#﻿ ﻿#动物科普[话题]#﻿ ﻿#小小世界[话题]#﻿ ﻿#野生动物[话题]#﻿ ﻿#微观世界[话题]#﻿ ﻿#奇趣自然[话题]#﻿"
69145799000000001b032a88,真·一刀未剪！155分钟量大管饱！鬼灭之刃,内容质量,智能推荐,4271,真·一刀未剪！155分钟量大管饱！鬼灭之刃 真·一刀未剪！155分钟量大管饱！《鬼灭之刃：无限城篇》太好看啦！#出影院就发repo[话题]# #小红书电影假日[话题]# #鬼灭之刃[话题]# #影评[话题]# #无一郎的无是无限的无[话题]# #动漫推荐[话题]# #祢豆子[话题]# #番剧推荐[话题]# #热血动漫[话题]#  #红薯地宝藏片单[话题]#
69f341f6000000003601b72c,长视频🎥葡的日常,观看体验,沉浸感,3104,"长视频🎥葡的日常 看本葡吃饭是不是食欲很好٩(•̤̀ᵕ•̤́๑)ᵒᵏᵎᵎᵎᵎ
	
#人类幼崽日常[话题]# #沉浸式记录生活[话题]# #日常记录[话题]#"
68deb130000000000701522f,有没有适合画画听的长视频,内容质量,剧情评价,4737,"有没有适合画画听的长视频 之前看很多人推戒社结果我听了几期发现听这个up一谈到赌狗心理我就会生出一股强烈的赌博欲望所以不敢再听了，除此之外对电视剧/电影解说和网文小说兴趣不大，也听不下去投稿式电台。个人偏好更喜欢女声，想问问除了这些有没有不用看只用听的长视频博主推荐，特别是会做读对白的游戏剧情实况、讲史讲得没那么像在上课的、案件解说和地方怪谈内容的博主🥹
#画画[话题]# #画画听什么[话题]#"
6a00687d0000000008030334,【合集】极寒来临，我带着父母回农村老宅，烧土炕，砌好墙，悠闲渡过末世！#末日生存[话题]# #末世[话题]# #一口气看完系列[话题]# #末日囤货文[话题]#,行为习惯,观看时长,3769,【合集】极寒来临，我带着父母回农村老宅，烧土炕，砌好墙，悠闲渡过末世！#末日生存[话题]# #末世[话题]# #一口气看完系列[话题]# #末日囤货文[话题]# 【合集】极寒来临，我带着父母回农村老宅，烧土炕，砌好墙，悠闲渡过末世！#末日生存[话题]# #末世[话题]# #一口气看完系列[话题]# #末日囤货文[话题]#
695e5a67000000001a0363f9,被终生软禁，请选择你的套房,功能需求,观看方式,3419,被终生软禁，请选择你的套房 #选择你想要的生活[话题]# #梦想中的房子[话题]# #ai视频[话题]# #看世界[话题]#
687ddec2000000000d01b584,奔跑吧第12期完整版(上),内容质量,观看频率,3816,奔跑吧第12期完整版(上) 晚上会更新后面！#正在追的综艺[话题]# #综艺[话题]# #好看的综艺[话题]#
67864fa50000000020022fe7,沉浸式丨98年已婚上班族 晨间日记,观看体验,沉浸感,3129,沉浸式丨98年已婚上班族 晨间日记 几千天近况幸福吗#晨间日常[话题]# #vlog[话题]# #记录生活[话题]# #精致女人[话题]# #沉浸式[话题]# #日记[话题]# #护肤[话题]# #养生[话题]# #家居[话题]# #浪漫生活的记录者[话题]#
69fc73d60000000035024460,233集🧺超解压长视频🧹,观看体验,沉浸感,2935,"233集🧺超解压长视频🧹 节日狂欢过后的收场
#沉浸式[话题]# #解压日常[话题]# #客厅[话题]# #家是我的能量场[话题]# #家的养成计划[话题]# #换个角度看我家[话题]# #家务[话题]# #每天都有值得记录的瞬间[话题]# #解压[话题]# #沉浸式清洁[话题]#"
68d35ff0000000001300a0fe,维多利亚时期，欧洲的贵妇每天都在忙什么？,场景使用,剧情评价,3443,维多利亚时期，欧洲的贵妇每天都在忙什么？ #历史[话题]# #贵妇[话题]# #睡前故事[话题]# #助眠[话题]# #维多利亚[话题]#
68b6ee3a000000001b030e60,推荐我的电子榨菜！！宝藏的长视频up们,观看体验,剧情评价,3912,"推荐我的电子榨菜！！宝藏的长视频up们 从收藏夹里整理了我最常看的下饭up们～
每一个都好喜欢，总结了频道的特点和我常看的几期经典佳作，大家放心种草，每个都很有意思
	
推荐的博主包括：
@大物是也 ：小电视最喜欢的up主[皱眉R]从《令人心动的offer》医学季开始关注的。后面一步步看着频道成长，做各种医学相关的科普，超级有趣
	
@王一快 ：另一个做reaction的宝藏up。re综艺的时候笑"
69eef9260000000022027284,Vlog🌧️雨天·无倍速 60分钟🍃伴学·沉浸式,观看体验,沉浸感,2787,Vlog🌧️雨天·无倍速 60分钟🍃伴学·沉浸式 #vlog[话题]# #vlog日常[话题]# #氛围感[话题]# #学习日常[话题]# #studywithme[话题]# #study[话题]# #记录吧就现在[话题]# #治愈[话题]#
6a058525000000003603322e,小女子今天剪长视频了惹😏😏😏#大基数减肥[话题]# #减肥日常[话题]# #减肥打卡[话题]# #减肥日常vlog[话题]#,行为习惯,观看频率,2336,小女子今天剪长视频了惹😏😏😏#大基数减肥[话题]# #减肥日常[话题]# #减肥打卡[话题]# #减肥日常vlog[话题]# 小女子今天剪长视频了惹😏😏😏#大基数减肥[话题]# #减肥日常[话题]# #减肥打卡[话题]# #减肥日常vlog[话题]#
69f307fb0000000023015445,最顶级的下饭细糠！越品越有味的养老神剧！,内容质量,智能推荐,2983,最顶级的下饭细糠！越品越有味的养老神剧！ 万字精讲经典古装家庭剧《知否》P1#知否知否应是绿肥红瘦[话题]# #放大镜追剧[话题]# #电视剧解说[话题]# #小红书追剧人[话题]# #好看国产剧推荐[话题]# #我的观影报告[话题]#
6a016e14000000000702656e,末世暴雨来袭！一口气看完，完整版#原创动画[话题]# #末日求生[话题]# #末日生存[话题]#,行为习惯,观看时长,2776,末世暴雨来袭！一口气看完，完整版#原创动画[话题]# #末日求生[话题]# #末日生存[话题]# 末世暴雨来袭！一口气看完，完整版#原创动画[话题]# #末日求生[话题]# #末日生存[话题]#
69fd2ded000000003502c34a,推荐一个免费古代推理破案游戏！长视频,功能需求,智能推荐,3968,推荐一个免费古代推理破案游戏！长视频 #二点五次元[话题]# #RED新生代创作大赛[话题]# #大家一起聊游戏[话题]# #游戏日常[话题]# #游戏[话题]# #游戏分享[话题]# #游戏推荐[话题]# #游戏实况[话题]# #宝藏游戏推荐[话题]##二次元看见计划[话题]#
6930276a000000001b027b7c,一口气看完《火影忍者》第三部分,行为习惯,观看时长,3800,一口气看完《火影忍者》第三部分 #动漫解说[话题]# #火影忍者[话题]#
69ee07930000000036001bf1,"ASMR | 20min长视频 不信你能看到最后 来自远方德国小宝宝的定制！太会听了都是超级火爆好听的项目！最近专辑四更新八卦轻语 芦荟胶t麦记得听哦～#助眠[话题]#
#asmr[话题]# #助眠视频[话题]# #ASMR助眠[话题]#",未分类,睡前场景,2577,"ASMR | 20min长视频 不信你能看到最后 来自远方德国小宝宝的定制！太会听了都是超级火爆好听的项目！最近专辑四更新八卦轻语 芦荟胶t麦记得听哦～#助眠[话题]#
#asmr[话题]# #助眠视频[话题]# #ASMR助眠[话题]# ASMR | 20min长视频 不信你能看到最后 来自远方德国小宝宝的定制！太会听了都是超级火爆好听的项目！最近专辑四更新八卦轻语 芦荟胶t麦记得听哦～#助眠["
6695e5350000000025003793,笑疯了😂怎么有这么不正经的纪录片‼️,功能需求,智能推荐,2838,"笑疯了😂怎么有这么不正经的纪录片‼️ 🎬🎬片名《扯淡地球史》
😂喜剧|纪录片
30分钟/集【共5集】
推荐指数⭐⭐⭐⭐⭐
	
👍🏻全程爆笑、巨下饭、超级解压又涨知识～
	
主持人以其无厘头的提问和奇葩的理论，挑战专家的底线，让观众在笑声中重新审视历史。专家们满头问号还得认真解答，显得渊博、弱小、又无助😵‍💫
	
⛰️“金字塔为什么是尖的？”
“是为了阻止流浪汉在上面睡觉吗？”
	
主持人脑洞真大真"
67fa83ae000000001c02af57,求安利长视频up主,社交互动,B站体验,4408,"求安利长视频up主 虽然现在是短视频时代
但可能因为我是从长视频一路看过来的
对于长视频的喜欢已经已经刻在骨子里了
短视频虽然好但是没有任何让我看第二遍的欲望
以前喜欢的长视频up主大多数也都转短视频赛道放弃长视频了
反反复复盘她们19 20年左右的视频
急需一些新鲜的没看过的视频当bgm
#长视频[话题]# #up主[话题]# #求安利[话题]#"
689d4c18000000001d027d4d,一口气看完高质量重生爽文小说大女主推荐,观看体验,智能推荐,1959,一口气看完高质量重生爽文小说大女主推荐 一口气看完高质量重生爽文小说大女主推荐家庭纠纷全文已完结 ﻿#清醒大女主小说推荐[话题]#﻿ ﻿#一口气系列[话题]#﻿ ﻿#大女主漫画[话题]#﻿  ﻿#现言[话题]#﻿  ﻿#多肉浅浅[话题]#﻿
69dba98c000000002301e74b,分享一些前额叶友好博主！！,观看体验,沉浸感,2319,"分享一些前额叶友好博主！！ 今年是脑科学元年吗……
又给自己确诊了新问题：前额叶损伤
上一秒想的事情下一秒就忘了，吃个饭都能走神，
看完一段非常精彩深刻的文字之后，留下一句发自肺腑的评论：啥意思？
	
这下真是玩手机玩的，刷短视频刷的了、、
因为实在戒不掉短视频，所以我尝试用中长视频代替它，给前额叶做修复训练
最近薯在搞的一个新生代创作大赛就有几个长视频拍得很好的博主，
	
作为一个纯纯文科生，我"
67836557000000000b021eba,pocket3长视频导出神器,功能需求,时长偏好,3192,"pocket3长视频导出神器 今天跟大家分享一款pocket3长视频导出神器及方法，在我边旅行边剪vlog帮了很大的忙。
	
👉pocket3长视频导出方式对比
1️⃣三角读卡器：支持多设备数据传输，pc端，手机，ipad。有相机微单的宝子也可以传照片。（p2-p3）
2️⃣dji mimo app：优点是可以加水印滤镜在线编辑，缺点是导出速度太太太慢了
3️⃣typec数据线：和读卡器传输过程类"
69d61580000000001f00171b,千千猪提醒您全文25分钟一口气看完,功能需求,观看时长,2013,千千猪提醒您全文25分钟一口气看完 #一口气看完[话题]# #完结文[话题]# #短篇完结[话题]# #宝藏小说[话题]# #小说推文[话题]#
69e628ad000000002200f4a5,229集🧺这是一个解压长视频,观看体验,沉浸感,1750,229集🧺这是一个解压长视频 每到周末分外乱#解压日常[话题]# #沉浸式[话题]# #家是我的能量场[话题]# #家的养成计划[话题]# #客厅[话题]# #卧室[话题]# #换个角度看我家[话题]# #解压[话题]# #家务[话题]# #减压视频[话题]#
69de04450000000023006fba,study vlog🌧️30min原倍速伴学•白噪音,观看体验,沉浸感,1795,"study vlog🌧️30min原倍速伴学•白噪音 大家晚上好呀我回来啦～超想大家✨
欢迎宝宝们来点菜下期背景音想听什么💗
#vlog[话题]# #治愈系vlog[话题]# #沉浸式学习[话题]# #学习vlog[话题]# #study_account[话题]# #studyvlog[话题]# #原倍速伴学[话题]# #伴学视频[话题]# #白噪音[话题]# #infj[话题]#"
69f5d9d90000000023017a67,两小时超长末世合集（柔声版）,功能需求,睡前场景,2263,两小时超长末世合集（柔声版） 宝子们，我是老人动画博主——夜未央，两小时超长合集（柔声版）来啦，一曲温柔的钢琴曲送给大家，希望大家喜欢，祝大家晚安好梦！#原创动画[话题]# #末日[话题]# #末世[话题]# #一口气看完[话题]# #合集[话题]# #一口气看完系列[话题]# #末日生存[话题]# #二次元[话题]# #助眠[话题]#
6a024b5b000000000800145a,《娇黛的邻居》 一口气看完,内容质量,剧情评价,2095,《娇黛的邻居》 一口气看完 #悬疑推理[话题]# #恐怖悬疑[话题]# #原创动画[话题]# #反转剧情[话题]#
6a05e7470000000035020fdc,vlog.“30+的第一个好消息🐈！！”,情绪感受,短视频对比,1538,"vlog.“30+的第一个好消息🐈！！” 哈喽大家，这周没有长视频[哭惹R]但是短视频跟上了！
朋友来徐州找我玩了，所以下一个短视频会是新版！2026版带朋友玩徐州的视频！
but！什么时候剪出来...真不确定[失望R]
最近一周三节课+准备新课件，所以视频更新慢一点哈！
#好视频扶持计划[话题]# #vlog[话题]# #minivlog[话题]# #vlog我的一天[话题]# #生活vlog["
69e97db30000000023005c2c,长视频回顾三金与方家三少和辣椒的美好时光,功能需求,未分类,1349,长视频回顾三金与方家三少和辣椒的美好时光 趁现在记录📝一下，以后会明白只道是寻常，转眼却只能是回忆了～#邓峰家的猫[话题]# #金故妹妹之家[话题]# #金故[话题]# #邓峰家冻冻[话题]# #邓峰家肥肥[话题]# #邓峰家的憨憨[话题]# #邓峰家小辣椒[话题]# #邓峰萌萌摔肿了[话题]# #金故妹妹之家小卖部[话题]# #邓峰宇宙[话题]#
6891a9d00000000025017900,全网视频都能整理成笔记的神奇网站,时长控制,时长偏好,2678,"全网视频都能整理成笔记的神奇网站 步骤：
①下载视频
②提取文字
③AI总结视频知识点
全过程🆓，没有总时长、次数限制
	
网课、办公、日常不想刷长视频超好用～
﻿#视频下载[话题]#﻿ ﻿#Flowin[话题]#﻿ ﻿#视频转文字[话题]#﻿ ﻿#AI工具种草[话题]#﻿ ﻿#网课[话题]#﻿"
68bbcb40000000001d03a835,我最想发的长视频专场（忘乎所以版）,社交互动,观看时长,1923,"我最想发的长视频专场（忘乎所以版） 22年10月单立人喜剧节的，一共75分钟，最后15分钟找不到了有点可惜。但那场印象很深刻，每个人都戴着口罩来笑，我的码也非常争气，9点30演完，10点30就变红了。
	
#单口喜剧[话题]# #脱口秀[话题]# #徐侠客专场[话题]# #脱口秀和Ta的朋友们[话题]# #喜剧之王单口季[话题]# #不允许任何人没看过[话题]#"
66f113c8000000002a0345c2,3600s极限解压❗️沉浸式白噪音催眠解压asmr,观看体验,沉浸感,1612,"3600s极限解压❗️沉浸式白噪音催眠解压asmr 被你们催的超超超长一小时解压长视频来啦！硬控解压，看书，做饭，学习，打扫，催眠白噪音来啦～
#日常消耗[话题]#  #ASMR[话题]# #沉浸式补货[话题]#   #我的vlog[话题]#  #空瓶记[话题]#  #扔扔扔[话题]#  #我的日常[话题]#  #沉浸式消耗[话题]#  #沉浸式[话题]# #补货[话题]# #消灭囤货[话题]# "
68a2e18a000000001d0190a5,一口气看完惊变100天 纯享59分钟,行为习惯,观看时长,1919,一口气看完惊变100天 纯享59分钟 #我感觉我现在强的可怕[话题]# #我的世界网易版[话题]# #惊变100天[话题]#
68418f0b0000000022025c28,成年人哄睡电台第五期：这些都是我给你的爱,时长控制,剧情评价,1692,"成年人哄睡电台第五期：这些都是我给你的爱 两年了，我还是想来哄你睡。
这段时间还好吗？
是否被工作追得喘不过气？身边的人有没有让你安心？你还乐意迎接下一个清晨吗？
今夜，我想和你分享一个关于雨林、疼痛与爱的故事。
给我几分钟，让我用声音紧紧抱住你。
请收下吧，这些都是我给你的爱。
	
#正念[话题]# #睡前小故事[话题]# #哄睡[话题]# #爱[话题]# #深夜情感电台[话题]# #治愈系声音"
68590938000000002400fa7a,330分钟，一口气看完：现代物理学(4/8）,内容质量,剧情评价,2047,330分钟，一口气看完：现代物理学(4/8） ✨宝子们！别划走！谁说量子力学只是科学家的专属？文科生、科幻迷、好奇星人集合！💫带你用“吃瓜”心态看懂量子力学，原来微观世界比宫斗剧还精彩！dy🐳选🔍《科学认识论》海量宝藏内容、最强干货、甚至是长达几小时的超长深度内容等你来看！﻿#抖音精选[话题]#﻿
68d00a72000000001101d655,全文27分钟，末世小说一口气看完系列天灾,观看体验,身体疲劳,1481,全文27分钟，末世小说一口气看完系列天灾 即使困得睁不开眼了，也要在入睡前一秒打开末日小说后台播放才能安稳睡去，好小众的癖好#末世文[话题]# #完结文[话题]# #一口气看完系列[话题]# #小说热门[话题]# #宝藏小说[话题]# #阿鲤mua_[话题]#
67d50c81000000001b03c873,长视频转文字，谁还在花钱整,功能需求,分享推荐,1879,"长视频转文字，谁还在花钱整 哎呀呀，好多小可爱都在催我分享视频转文字的小技巧啦！🤔作为一个超会分享的博主，怎么可能让你们失望呢？
今天就来给大家安利一个超级好用的视频转文字小程序，赶紧mark起来哦～
🌟1️⃣ 小喵文案提取神器
这个叫“小喵文案提取神器”的小程序，简直太棒了！它有个音频转文字的功能，能把视频里的文字都提取出来，变成文本哦~
﻿#视频转文字[话题]#﻿ ﻿#视频提取文本[话题]#﻿"
69e63965000000002302326d,【长视频】个人复盘系统：通过记录优化生活,功能需求,观看频率,1967,"【长视频】个人复盘系统：通过记录优化生活 #00:38[时刻]# 整体框架
#01:42[时刻]# 模块介绍
#08:09[时刻]# 如何记录数据
#09:31[时刻]# 为什么要记录
#10:23[时刻]# 如何复盘（附角度）
#J人的生活[话题]# #重启人生计划[话题]# #重启自己的人生[话题]# #人生重启按钮[话题]# #复盘生活是需要勇气的[话题]# #目标导向思维[话题]# #自我"
69274d36000000001e008e1b,S7赛季讲了啥？时长一小时建议睡前看!,时长控制,时长偏好,1950,S7赛季讲了啥？时长一小时建议睡前看! S7赛季讲了啥？时长一小时建议睡前看!三角洲行动#三角洲行动[话题]# #三角洲s7阿拉萨新赛季[话题]# #三角洲联动逆战未来[话题]#
6a06cad8000000000803c8b5,四十岁“微”退休vlog|人到中年可以吃玩儿练,功能需求,身体疲劳,1185,"四十岁“微”退休vlog|人到中年可以吃玩儿练 好久不见大家！今天是长视频版本的姥爷～
这次攒了满满一筐的有趣素材，全部一次性倒给大家！！
希望万宁的欢声笑语也能治愈屏幕前的你们，祝大家周末愉快～
	
#vlog[话题]# #日记复兴计划[话题]# #运动年度影像[话题]#"
6a01723c0000000006033e18,一口气看完系列,观看体验,正面情绪,1181,一口气看完系列 #已完结直呼[话题]# #一口气看完系列[话题]# #爽文[话题]#
67b0abd0000000002900eb95,《爱情公寓Ⅲ》06-1精彩剧情,内容质量,剧情评价,941,《爱情公寓Ⅲ》06-1精彩剧情 （如有侵权，联系立删）#爱情公寓[话题]# #爱情公寓3[话题]# #重温经典电视剧[话题]# #电视剧经典片段[话题]# #国产电视剧[话题]#
68e35fbd00000000050016e1,1080倍速看哪吒2,内容质量,制作水平,1061,"1080倍速看哪吒2 准备好了吗？
#哪吒之魔童闹海[话题]# #国产动画[话题]# #动画推荐[话题]# #人生的意义[话题]# #好看吗？[PK]# #经典动漫推荐[话题]# #国漫剪辑[话题]#"
69eba2de0000000038020f5b,来！再探宋公明的功名梦【水浒系列大合集】,未分类,未分类,1447,来！再探宋公明的功名梦【水浒系列大合集】 #水浒传[话题]# #宋江[话题]# #搞笑[话题]# #影视解说[话题]# #独白[话题]# #经典老剧[话题]# #迷人的老祖宗[话题]# #长视频[话题]#
69c76ad000000000210104ec,"求类似于刘巳道《灵媒》解说的解说长视频
看完灵媒的解说太震撼了[哭惹R][哭惹R][哭惹R]但是刘巳道b站作品太少了 有没有类似的恐怖电影解说很详细的 [哭惹R][哭惹R]",平台对比,B站体验,1236,"求类似于刘巳道《灵媒》解说的解说长视频
看完灵媒的解说太震撼了[哭惹R][哭惹R][哭惹R]但是刘巳道b站作品太少了 有没有类似的恐怖电影解说很详细的 [哭惹R][哭惹R] 求类似于刘巳道《灵媒》解说的解说长视频
看完灵媒的解说太震撼了[哭惹R][哭惹R][哭惹R]但是刘巳道b站作品太少了 有没有类似的恐怖电影解说很详细的 [哭惹R][哭惹R]"
686951f30000000012021d39,35分钟长视频·多层次触发音asmr,观看体验,沉浸感,988,"35分钟长视频·多层次触发音asmr @selatoninasmr
强推这个博主！！超好睡[哭惹R]
全世界晚安💤
#asmr助眠敲击音[话题]# #解压助眠[话题]# #声控助眠[话题]# #助眠解压伴你入睡[话题]# #灯光引导助眠[话题]# #助眠[话题]# #多种触发音[话题]# #解压声控[话题]# #解压视频[话题]# #沉浸式解压[话题]#"
69e82f2a000000002301f106,刮皂｜对对碰｜来条长视频弥补下断更的日子,观看体验,沉浸感,799,刮皂｜对对碰｜来条长视频弥补下断更的日子 #李干嘛刮皂[话题]# #解压治愈[话题]# #沉浸式解压[话题]# #解压视频[话题]# #减压视频[话题]# #刮皂[话题]# #刮肥皂[话题]# #刮香皂[话题]# #沉浸式极度舒适[话题]# #解压助眠[话题]#
69f1e47e000000001f003145,求推荐长视频up主,功能需求,智能推荐,1892,"求推荐长视频up主 本人吃饭还有没事的时候喜欢看一点长视频 美食区主要是看芳婷 了in林还有我们最可爱的小露妍嘿嘿嘿嘿嘿 游戏的话会看桃黑黑老师 但他直播的太勤快了（主包非常敬业且宠粉且辛苦 没有说讨厌他直播不想看直播的意思）第一次打王者的录屏我到现在都没补完！主包的文游系列我需要在自己完全没事干的时候才会打开然后认认真真的看完不然本人非常容易半途而废🆘
哦对对还有reaction博主俺也看 最近"
69ea09a7000000001a037d4f,进度播报｜跟我一起云质检吧！长视频来袭,时长控制,视觉疲劳,827,"进度播报｜跟我一起云质检吧！长视频来袭 五分钟的质检视频来咧！
因为手工点位爆多（100➕手工点位）
有约70颗手缝珠➕8枚贴布绣➕23枚蝴蝶结➕5枚纽扣➕5对暗扣都需要手缝固定…
质检只能仔细稳步进行～～
辛苦大家耐心等待啦！
	
#MiracleGigi[话题]#
#MissDonut[话题]# #咚娜小姐[话题]#"
69f6234b000000003502883f,粤语早教动画9分钟长视频,社交互动,观看时长,744,粤语早教动画9分钟长视频 学粤语的小朋友可以看起来！认识水果/动物/彩虹小汽车/宝贝多米/早教动画合集#早教启蒙[话题]# #趣味动画[话题]# #早教动画[话题]# #工程车[话题]# #挖掘机[话题]##粤语[话题]#
69e5f071000000002301e99f,我又想消费啦 1（长视频合集）,未分类,未分类,931,我又想消费啦 1（长视频合集） #RED新生代创作大赛[话题]# #搞笑[话题]# #当代年轻人的消费观[话题]# #内容过于真实[话题]# #韩女[话题]# #韩国[话题]# #新笑场[话题]# #消费主义陷阱[话题]# #消费主义[话题]#
685432480000000020018040,"想找一些长视频up主，最好是知识区的，可以用来当做手工写写画画时候的背景音。
平时看得比较多的就是毕导、大物是也、芳斯塔芙、小亮这些
想找一些质量高一些的、时长长一些的博主
求推荐求推荐
#视频分享[话题]# #好物推荐[话题]# #知识科普[话题]#",内容质量,时长偏好,1367,"想找一些长视频up主，最好是知识区的，可以用来当做手工写写画画时候的背景音。
平时看得比较多的就是毕导、大物是也、芳斯塔芙、小亮这些
想找一些质量高一些的、时长长一些的博主
求推荐求推荐
#视频分享[话题]# #好物推荐[话题]# #知识科普[话题]# 想找一些长视频up主，最好是知识区的，可以用来当做手工写写画画时候的背景音。
平时看得比较多的就是毕导、大物是也、芳斯塔芙、小亮这些
想找一些质量"
68c281ed000000001c00b7de,通勤 走路 干活的时候当背景声音用,时长控制,剧情评价,1113,"通勤 走路 干活的时候当背景声音用 主用b站平台 自己能找到的适合自己的视频都全部听完了  一天通勤时间3h 希望视频时长长些
	
已听过的：
warma的爆炸电台
莴苣某人玩无限暖暖时候的生活碎碎念录播
核电波的部分（乙游讲解 北欧神话）
个人应该是喜好生活故事分享这样的视频[害羞R]
#播客[话题]# #播客推荐[话题]##长视频[话题]##陪伴[话题]#"
6a09e0b500000000380204da,三小时超长末世合集,场景使用,睡前场景,1146,三小时超长末世合集 ：宝子们，三小时超长合集来啦，全文没有吓人的音效，十分适合睡前助眠，祝大家晚安好梦！#原创动画[话题]# #末日[话题]# #末世[话题]# #一口气看完[话题]# #助眠[话题]#
68826d4a000000002400df59,“超下饭”up主推荐！（个人向）,内容质量,时长偏好,1249,"“超下饭”up主推荐！（个人向） 作为一名在b站粉上千名up的老玩家
想分享一些我日常喜欢看的“下饭博主”们
👉首先我对“下饭”的定义是：内容要轻松有趣➕时长>10min
	
1️⃣蕾儿乔什看世界——作为旅行博主他们很真实给人感觉很亲切 新系列“南北极穿越”巨有意思！
2️⃣hellotina陈甜甜——tina是我最最最喜欢的博主之一 她的视频既下饭又治愈 lvy icyn简直是梦中情宝！
3️⃣"
6a0987960000000007010677,比格自助五月全国上新十几种新品测评长视频,观看体验,身体疲劳,886,比格自助五月全国上新十几种新品测评长视频 好久没带你们吃比格了 听说5月上新了好多东西 正好先替你们试试水 披萨吃过吧 美式汉堡吃过吧 把这两者结合在一起没吃过吧？大块爆汁牛肉贼过瘾 还有软软糯糯的芝香芋泥麻薯披萨也不错 我最期待的是上新了3种口味的派！红豆派芋泥派苹果派 外壳酥香里面满满的馅一口爆浆！也是实现派自由了 热菜区的台式炒鸡酱汁浓郁带点微甜我喜欢 还有咸蛋黄炸鸡柳可香了 冰淇凌上新了薄
66a10b9e000000000a0248d7,谁能拒绝在吃饭的时候来一集武林外传呢？,观看体验,沉浸感,741,谁能拒绝在吃饭的时候来一集武林外传呢？ 谁能拒绝在吃饭的时候来一集武林外传呢？妥妥的下饭神剧#下饭剧[话题]# #沉浸式追剧[话题]# #追剧[话题]# #追剧打卡[话题]# #拯救剧荒[话题]# #影视[话题]# #经典老剧[话题]# #怀旧经典影视[话题]# #吃饭[话题]# #武林外传十级观众[话题]#
68ee55170000000004029950,一口气看完高质量大女主爽文超长全文已完结,观看体验,智能推荐,682,一口气看完高质量大女主爽文超长全文已完结 一口气看完高质量大女主爽文超长自我救赎虐渣男全文已完结推荐 #大女主漫画[话题]#  #一口气系列[话题]#  #有声小说[话题]#  #配享太庙[话题]#  #元宝桃桃[话题]# #宝藏小说[话题]# #每日小说[话题]# #爽文女主[话题]# #拯救文荒[话题]# #女频小说[话题]#
67988aa5000000002a00e453,高质量长视频推荐，新年不用看书也能涨知识,内容质量,智能推荐,945,高质量长视频推荐，新年不用看书也能涨知识 看好的长视频，把被短视频“啃废”的脑子补回来！都是个人看过的好的up，有局限性，欢迎大家在下面留言推荐哦～﻿#电子榨菜[话题]#﻿ ﻿#电子榨菜下饭神器[话题]#﻿ ﻿#互联网细糠[话题]#﻿ ﻿#知识以一种卑鄙的方式进入脑子[话题]#﻿ ﻿#分享你近期最爱的视频[话题]#﻿ ﻿#知识[话题]#﻿ ﻿#长视频[话题]#﻿ ﻿#带上兴趣出门[话题]#﻿
69ec6c9800000000360304a0,解压长视频…捏一些水果球🍌,观看体验,沉浸感,637,"解压长视频…捏一些水果球🍌 混合了更好玩
#捏捏[话题]# #大人也要玩玩具[话题]# #解压[话题]# #解压玩具[话题]# #手作球[话题]# #手作球分享[话题]# #沉浸式极度舒适[话题]# #助眠[话题]# #助眠视频[话题]# #解压声控[话题]#"
69eab1bc000000002202bd47,大家期待已久的双语字幕长视频来啦,观看体验,身体疲劳,724,大家期待已久的双语字幕长视频来啦 准备睡吧，大家晚安。#沉浸式极度舒适[话题]# #asmr[话题]#
69fb19d30000000023015a07,开箱｜📦六分半的长视频,社交互动,分享推荐,538,开箱｜📦六分半的长视频 #开箱视频[话题]# #我的开箱Vlog[话题]# #拆快递[话题]# #好物分享[话题]#
6863a01d000000000d019c6c,1分钟看完3小时视频，AI视频总结工具合集,观看体验,制作水平,1035,"1分钟看完3小时视频，AI视频总结工具合集 免费的ai视频总结工具，1分钟看完3小时视频直接总结核心要点，总结大纲，思维导图，生成博客，甚至出ppt一次性搞定。
我使用了超过30款AI视频总结工具，个人体验非常好用的3款，[绿色心形R]免费够用[点赞R]。
均支持 [火R]B站、[红色心形R]抖音、[玫瑰R]小红书、[郁金香R]YouTube 全平台；
第1个只要安装插件，打开视频，就会自动弹出智"
69f0356c000000003601c311,【长视频】1/64车模细化神器-100%还原细节,观看体验,制作水平,601,"【长视频】1/64车模细化神器-100%还原细节 有这个台灯真的是太方便了，这么细小的部件可以直接粘上，也不容易粘错，反光镜粘胶水也非常的清晰，不会有误差，真的是太爽了！
#大人也要玩玩具[话题]# #daylight放大镜灯[话题]#  #微缩模型[话题]# #模型[话题]# #汽车模型[话题]# #模型制作[话题]# #64比例[话题]# #微缩[话题]# #好物分享[话题]# #daylig"
6808da8a000000001d00a304,长视频一键转笔记！这个免费工具，YYDS,内容发现,倍速播放,1174,"长视频一键转笔记！这个免费工具，YYDS 再也不用辛苦刷视频、搞学习，这个工具帮你一键Get重点内容！
	
﻿#打工人效率神器[话题]#﻿ ﻿#效率神器[话题]#﻿ ﻿#宝藏网站[话题]#﻿"
6a01cae6000000003502a725,东南亚民俗恐怖游戏！长视频送key,功能需求,智能推荐,630,东南亚民俗恐怖游戏！长视频送key #红薯游戏导演大赛[话题]# #游戏日常[话题]# #游戏[话题]# #游戏分享[话题]# #游戏推荐[话题]# #宝藏游戏推荐[话题]# #游戏实况[话题]# #大家一起聊游戏[话题]# #独立游戏[话题]# #我在小红书做游戏[话题]#
6a09947f0000000035022be1,ASMR自制嚼嚼乐超长视频来啦！无倍速版,时长控制,倍速播放,265,"ASMR自制嚼嚼乐超长视频来啦！无倍速版 哪个小宝点播的？[害羞R]
#吃播[话题]# #吃播日常[话题]# #咀嚼音[话题]# #解压[话题]##声控助眠[话题]# #糖果[话题]# #助眠[话题]# #嚼嚼乐[话题]# #网红糖果[话题]# #解压声控[话题]#"
682a7d7b0000000020029b52,一口气，捋清魏晋南北朝369年的混乱历史！,场景使用,剧情评价,367,一口气，捋清魏晋南北朝369年的混乱历史！ ﻿#知识[话题]#﻿ ﻿#历史[话题]#﻿ ﻿#助眠[话题]#﻿ ﻿#睡前故事[话题]#﻿ ﻿#长视频[话题]#﻿﻿
6a0a25f0000000003700dcfc,长视频⚠️锦鲤的属&相&风&水来啦～第三期,未分类,观看时长,301,长视频⚠️锦鲤的属&相&风&水来啦～第三期 #本视频纯属娱乐[话题]# #本视频无不良引导[话题]# #本视频有点长请耐心看完[话题]#
69b7416f000000001b021e04,研三写论文陪伴长视频合集（无ai声音,时长控制,时长偏好,259,"研三写论文陪伴长视频合集（无ai声音 本人非常喜欢边写论文边看视频，但视频必须同时满足：非ai声音讲解，时长＞30min，普通话，无恐怖元素，解说原片我看过，不催眠，不用带脑子看
	
精挑细选这些好好论文伴侣[得意R]
p1 赛万味超人：亿万恋人，寂静岭f，老爹汉堡店切片[自拍R]
p2 花神打喷嚏-安娜拉片
九十九棵树的森林-善意的竞争拉片
p3 辣椒梦话-寄生虫拉片
到詹庞的世界逛一逛-詹庞直"
68874951000000001c03492b,53分钟一口气看完甄嬛传,行为习惯,视觉疲劳,223,53分钟一口气看完甄嬛传 《甄嬛传》的细节真能盘到天荒地老！服饰藏着命运伏笔，台词裹着暗刀，每个角色都揣着没说透的故事。还没深挖过的，一定要盯紧“扶朕起来”——这里的深扒能让你发现：N刷才只是入门！不信？点开看看，保准你看完就想连夜翻出来重温！#甄嬛传[话题]# #影视解说[话题]# #音节的精心选择[话题]#
698d9073000000000d00b11e,假期电子榨菜！囤了一年的宝藏UP主片单,观看体验,沉浸感,227,"假期电子榨菜！囤了一年的宝藏UP主片单 [皱眉R][皱眉R][皱眉R] 假期宅家的快乐
一半是零食给的
一半是这些宝藏UP主给的！
	
年前比较忙，看小破站的时间也直接砍半，囤了一年的电子榨菜终于可以开吃了，分享给大家我反复刷都不会腻的几个宝藏UP~点开就停不下来，适合拯救假期无聊！
	
✅ 食贫道
潜伏人间干大事！推荐韩国、泰国、日本那几个专栏，第一次看是早几年的韩国篇，纪录片的观看体验，但是因"
69776e93000000001a01ecc1,如何用AI十倍速吸收知识（长视频学习）,时长控制,倍速播放,404,"如何用AI十倍速吸收知识（长视频学习） 任何高效的知识输入，都逃不开三个步骤：筛选、粗加工和精加工。而这儿的每个环节，都可以借助AI工具十倍速提升效率。今天来说：如何用AI快速学习任何视频内容～
#阅读方法[话题]# #学习方法[话题]##个人成长[话题]# #高效学习[话题]# #视频学习[话题]# #学习干货[话题]# #职场干货[话题]#"
6a01c223000000000701018e,ASMR|长视频芋圆的视觉合集,未分类,睡前场景,194,"ASMR|长视频芋圆的视觉合集 #口腔音[话题]# #助眠[话题]# #视觉助眠[话题]#
又是一期长视频～慢慢的把作品发上来！
小宝们的点赞是我日更的动力～快快让我眼熟你们吧[哇R]"
692134c6000000001e020eee,破竹鸢长视频讲解，结尾附文字版宝宝轴,未分类,未分类,206,破竹鸢长视频讲解，结尾附文字版宝宝轴 #燕云十六声[话题]# #燕云十六声破竹鸢[话题]##少东家暑期班[话题]# #燕云十六声流派[话题]# #燕云十六声攻略[话题]#  第一次做长视频，如观感不适请见谅[皱眉R]
6a0295bd0000000036000b7f,漫剧突破分镜限制，故事板直出长视频来啦,功能需求,剧情评价,302,漫剧突破分镜限制，故事板直出长视频来啦 效率起飞！漫剧突破分镜限制，小云雀AI的智能长视频+故事板直出#RED新生代创作大赛[话题]# #分镜[话题]# #AI工具[话题]# #漫剧[话题]# #小云雀Al[话题]#
696f8fca000000002203b83b,Gemini 邪修用法第1期 高效拆解爆款长视频,时长控制,时长偏好,333,"Gemini 邪修用法第1期 高效拆解爆款长视频 Gemini 100个邪修用法第1期，让AI 成为自己的私人课代表。 1分钟深度拆解2个小时长视频，并自动解析要点，一键时间线跳转，金句提炼，二创建议等。
#Gemini[话题]#   #邪修[话题]#  #智能体[话题]# #AI[话题]# #爆款拆解[话题]#"
6964eb10000000001a022270,"求问：怎么能将b站的长视频(约2小时)中的文字提取出来
有没有免费的方法呀 求！#帮帮我[话题]#",平台对比,B站体验,230,"求问：怎么能将b站的长视频(约2小时)中的文字提取出来
有没有免费的方法呀 求！#帮帮我[话题]# 求问：怎么能将b站的长视频(约2小时)中的文字提取出来
有没有免费的方法呀 求！#帮帮我[话题]#"
6a099b99000000003503854a,我们这样装疯卖傻就有人看横屏长视频吗,观看体验,制作水平,125,"我们这样装疯卖傻就有人看横屏长视频吗 拍摄间隙的小产物一则
出镜感谢@超级翅堡
#特里休[话题]# #jojo[话题]# #jojo的奇妙冒险[话题]#
#cos短片[话题]# #整点儿摄影节奏[话题]# #小红书影像激励计划[话题]#"
685795d9000000000d018640,如题,内容质量,播放控制,214,"如题 喜欢边写手帐边放手帐视频 🍠的博主确实做得好看
但是都不长啊🥺 开自动连播后面的视频也不是手帐的惹
确实可以看手帐博主直播 但我在写手帐的大多数时候都没有手帐博主在直播[哭惹R][哭惹R]
所以想求求小破站的长视频手帐up
#手帐[话题]# #手帐日常[话题]# #小破站[话题]#"
6a09af9d00000000360005fc,不剪辑了，长视频自己看吧,内容质量,制作水平,118,不剪辑了，长视频自己看吧 #婺女洲[话题]# #婺女洲度假区[话题]# #小黄鱼闪现婺女洲[话题]# #小黄鱼[话题]#
69f027ce000000002003a2fa,现在长视频越来越少了。,功能需求,智能推荐,335,"现在长视频越来越少了。 最好是一个小时以上的那种，我喜欢干活的时候看
	
#b站[话题]# #up主推荐[话题]#"
6a0998cf0000000006030f37,面包脑袋vlog|装修人的翻车日常长视频,观看体验,沉浸感,102,面包脑袋vlog|装修人的翻车日常长视频 #vlog[话题]# #日常生活里的快乐瞬间[话题]# #面包脑袋[话题]# #沉浸式吃面包[话题]# #生活vlog[话题]# #装修日记[话题]# #全屋定制[话题]# #晨间Vlog[话题]# #户外运动[话题]# #我的vlog[话题]#
69520ffd0000000022031cf8,LongCat-Video长视频效果好到令人匪夷所思,时长控制,时长偏好,276,LongCat-Video长视频效果好到令人匪夷所思 为什么LongCat-Video生成长视频效果能好成这样？明明没有做什么特殊的抗退化处理，就是把前面几帧时间步设为0，然后循环地生成block（93帧），然后把所有block拼起来就作为一个长视频了，而且每个block之间是没有kv cache的。为什么这么简单效果就能这么好？之前那些self-forcing啥的都白干了？有无懂哥锐评一下[赞R
69f9428d000000003502cfeb,解压洗皂|舒肤佳柠檬长视频,观看体验,沉浸感,113,"解压洗皂|舒肤佳柠檬长视频 巨巨巨喜欢这个味道 床头也摆了好几块当床边皂 喜欢刮皂洗皂 但是洗皂的长视频好少 自己录了个长一些的 发布打算晚上听着睡 [害羞R][害羞R]
	
#解压声控[话题]# #沉浸式解压[话题]# #解压视频[话题]# #洗皂[话题]# #amsr[话题]# #皂门[话题]# #皂唤青春多巴胺[话题]#"
69b43dda000000002301f653,真的没办法错过任何一个解说花少的视频,功能需求,智能推荐,132,"真的没办法错过任何一个解说花少的视频 推荐一下这个up主
是我看过所有分析中我觉得最好的
	
#花儿与少年[话题]#
#花儿与少年第一季[话题]#
#花儿与少年第二季[话题]#"
6a0a665b0000000038035ba7,【小蘑菇剧情向长视频】人类利益高于一切！,观看体验,视觉疲劳,108,"【小蘑菇剧情向长视频】人类利益高于一切！ BGM:朝圣道
人类利益高于一切！
语音源自一十四洲原著，猫耳出品末世科幻广播剧《小蘑菇》，请支持正版。
视频素材来源
红薯博主:lakeryu、Dok2、cookie.、杰哥拍素材、国际素材研究中心、PBRMAX、六六、嘟嘟-素材分享
B站:侦探眼睛、HOLE-素材、ABNET1989、似飘零落叶知秋
电影:流浪地球、深海魅影、灭鼠大战、明日边缘、火星救"
6a09a5a100000000060369e1,斌斌上海hyrox(第一次剪长视频😆),场景使用,未分类,83,斌斌上海hyrox(第一次剪长视频😆) 超燃!斌斌跟野草真的好厉害好厉害好厉害💪🏻💪🏻💪🏻@關智斌 #关智斌[话题]# #将就着看吧[话题]# #hyrox新生代运动员[话题]# #HYROX[话题]# #不允许任何人没看过[话题]#
68d35a28000000001302913b,你放弃的梦想，正在平行宇宙闪闪发光！,未分类,睡前场景,131,你放弃的梦想，正在平行宇宙闪闪发光！ #宇宙[话题]# #助眠[话题]# #长视频[话题]# #探索宇宙[话题]# #纪录片[话题]# #平行宇宙[话题]#
687f03c8000000002001a633,油管长视频封面图自测工具,内容质量,制作水平,223,"油管长视频封面图自测工具 📸 很多大博主会在开始制作一个视频之前先创作视频封面，把封面放在整个视频里最重要的地位。
🤔 俗话说得好，如果一个视频你在制作封面时都感觉这个东西也不会想点进去看吧，那这个视频项目也可以直接换了…
📊 那么封面这里我们涉及到：
做一个好封面
测一个好封面
🔧 在你给油管自带的封面测试功能或者第三方工具去给真实用户做封面测试之前，你当然会自己先选。
✨ 那怎么更好的在自己选"
694e6e2a000000001e022e52,2025用过最靠谱的长视频总结ai工具,时长控制,身体疲劳,154,"2025用过最靠谱的长视频总结ai工具 年末了，分享一个最近发现的小工具，briefly
	
昨天​看了一眼日历，又要年底了。我的YouTube稍后观看列表里还躺着几十个视频没动[汗颜R][汗颜R]
	
​这可能是信息爆炸时代我们共同的焦虑，列表里全是那些如果不看就感觉会落伍的硬核内容：Andrej Karpathy刚更新的LLM课程，a16z对明年科技趋势的年度预测，或者是Joe Rogan那些"
69fe1eee0000000036018580,Pixies 40周年中国巡演上海站全长视频,内容质量,身体疲劳,138,"Pixies 40周年中国巡演上海站全长视频 Grunge音乐风潮的引发者和先驱，大牌另类摇滚乐队Pixies,自2020年来中国巡演被取消后，今年乐队再次受邀来到中国，终于演出正式举行，乐队一个半小时的精彩演出，为乐迷们带来了首首经典曲目，这是一场久违的怀旧演出……"
69ef36df000000003503175b,"一条长视频讲清楚，律师靠“自媒体拿案源”是怎么一回事？所有律师看这一条视频就彻底懂了。
#自媒体案源[话题]# #案源[话题]#",未分类,未分类,162,"一条长视频讲清楚，律师靠“自媒体拿案源”是怎么一回事？所有律师看这一条视频就彻底懂了。
#自媒体案源[话题]# #案源[话题]# 一条长视频讲清楚，律师靠“自媒体拿案源”是怎么一回事？所有律师看这一条视频就彻底懂了。
#自媒体案源[话题]# #案源[话题]#"
69dd5eba000000001b02128e,长视频脱口秀合集,未分类,未分类,96,长视频脱口秀合集 #脱口秀[话题]# #搞笑[话题]# #单口喜剧[话题]#
6a0995280000000007011192,长视频预警！原声出没！大杂烩开箱！,未分类,未分类,70,长视频预警！原声出没！大杂烩开箱！ #奥特曼周边[话题]# #谷子开箱[话题]# #特摄周边开箱[话题]# #开箱视频[话题]# #捷德[话题]##投喂[话题]# #拆快递[话题]# #我的开箱Vlog[话题]# #我的开箱日常[话题]#
68cec5de000000000e00c117,本人在杂食的同时又很挑剔。。,观看体验,智能推荐,84,"本人在杂食的同时又很挑剔。。 如题，B站长视频只看过恐怖游戏实况和相关综艺节目，有与山，郎中，某幻，中国boy，老番茄，散人，鲤鱼，雀巢，还有特别嘉宾某幻录屏组（不看小潮是因为太多广了，很烦啊）
	
接下来就是比较杂的：有mc的，大橙子五歌
有火柴人的，Alan
有国内综艺的，只看对眼明星大侦探
有日本番的，最近看了胆大党
甚至还有腐剧，泰腐多一点，韩剧目前只看过苦尽甘来，韩腐没涉及（欢迎推荐啊，"
69ef7c99000000001a02edbe,长视频推理终于可验证了,时长控制,时长偏好,123,"长视频推理终于可验证了 今天读到一篇很实用的工作：Towards Temporal Compositional Reasoning in Long-Form Sports Videos。
它不是只给最终答案，而是把长视频问答拆成可核验的时间证据链（Anchor→Observe→Infer），并用 Temporal-reward 做训练约束。
关键点：
1) 把‘会答题’变成‘能定位证据再答题’
2"
6a0a7ca40000000007029932,车主打包📦｜wish王子场周·长视频,观看体验,沉浸感,47,"车主打包📦｜wish王子场周·长视频 和车主一起打包吧^_^
#nctwish[话题]# #nct[话题]# #沉浸式打包[话题]# #sion[话题]# #riku[话题]##sakuya[话题]#  #yushi[话题]# #得能勇志[话题]# #ryo[话题]# #wishdoll[话题]#"
69f05e5d00000000360008b5,不炫技！ACL 2026 长视频智能体记忆新方案,观看体验,剧情评价,141,"不炫技！ACL 2026 长视频智能体记忆新方案 最近读了一篇很扎实的ACL 2026长文，专门解决多模态大模型看长视频记不住、算得慢的问题，思路很清爽，不花里胡哨。
	
目前长视频理解基本卡在两个死胡同：
• 纯视觉堆帧：精度高但冗余爆炸、延迟高
• 纯文本转字幕：快是快，但丢细节、容易幻觉
	
这篇提出的 MM-Mem 直接从人类认知理论出发，做了一套金字塔多模态记忆，把视觉细节和语义主旨分开"
6884ad5600000000220335fb,长视频行业一定会“秒死”,观看体验,剧情评价,87,"长视频行业一定会“秒死” 影视行业的真正危机不在于市场下滑、资本撤离，也不在于短视频威胁长视频，也不在于审查，而在于：贸易战。
	
贸易战终归要以协议告终，这意味着：视频行业，不放奈飞进来是不可能的。
	
奈飞第一天进来，国内所有长视频平台连一秒钟都活不下去。我称这样的行业为“秒死行业”。
	
很多人制造焦虑，说影视行业秒死的话，是不是大家都跟着失业了？要不要起身保护长视频平台呢？这是一种混沌的思"
69ef389c000000003700e31d,写作业的时候必须得来点（附推荐）,功能需求,沉浸感,62,"写作业的时候必须得来点（附推荐） 我先来推荐一点：
	
1.神秘园（主要讲洞潜事故，每一条都十分详细，作品高质很上头。缺点是可能无法做到不看屏幕，因为会配套事故所在地的位置图片，不看的话容易懵）
	
2.诗食史事（奇闻逸事各种都有涉及范围很广，内容较详细，更新较快，大部分视频都可以不看屏幕也能听懂。非常全面的up主，但每方面可能都不如专业领域的up来的详细）
	
3.酒痴东梦（主要讲史事、政界杂谈"
6a09b74c000000003601d264,SVT自印分装📦｜长视频白噪音一则✨,观看体验,身体疲劳,30,SVT自印分装📦｜长视频白噪音一则✨ #seventeen[话题]# #白噪音[话题]# #分装[话题]# #产出[话题]# #审美积累[话题]# #自印[话题]# #自印小卡[话题]# #自印贴纸[话题]#
6924f517000000001e02600d,长视频超分黑科技！58 倍速 + 无卡顿✨,内容质量,制作水平,70,"长视频超分黑科技！58 倍速 + 无卡顿✨ 刷到模糊老视频别急着删！InfVSR 新模型太顶了～
突破长视频超分限制，低分辨率视频秒变高清，还不卡顿、无画面断层！
靠首创 AR-OSD 范式，58 倍速碾压传统方法，内存消耗还恒定～
不用等全片处理， streaming 实时出结果，短视频训练却能适配任意长度！
追剧、存回忆必备黑科技，画质党狂喜👏
	
本视频制作借助 AI，视频讲解不可替代原文阅"
6a09a2ca000000003601d6f1,手帐陪伴长视频,观看体验,沉浸感,25,"手帐陪伴长视频 今天完成了租房任务，感觉自己要变成大人了。
	
#手帐[话题]# #日记[话题]# #手帐拼贴[话题]# #白噪音手帐[话题]# #沉浸式手帐[话题]# #手帐白噪音[话题]# #我的手账[话题]# #手帐er的日常[话题]# #手帐打卡[话题]# #沉浸式做手帐[话题]#"
69f1cd30000000003601b7f9,有无长视频推荐？,时长控制,剧情评价,57,"有无长视频推荐？ 如题，本人疑似adhd，焦虑的时候一直想要接收大量信息，静不下心学习。所以想问问有没有什么视频：要有画面；比较轻松，不需要花精力理解；一段时间不认真看错过一些片段也没关系；篇幅比较长可以不用一直刷/选集。
之前尝试过阿尔法波音乐和纯音乐跟学视频，但是太焦虑的时候没用，会觉得很无聊很焦虑静不下来。
#求助[话题]# #adhd[话题]# #学习[话题]#"
6a09a899000000003701cd91,这是一个长视频空间玫瑰的操作,观看体验,沉浸感,23,这是一个长视频空间玫瑰的操作 #空间感法式[话题]# #空间法式渐变[话题]# #沉浸式极度舒适[话题]# #时间花在哪里都是看得见的[话题]# #不一样的玩法[话题]# #技术活一般人来不了[话题]# #享受纯技术[话题]#
69bc04200000000023011c19,长视频克星！视频总结也太省心了,内容质量,剧情评价,19,"长视频克星！视频总结也太省心了 再也不用倍速硬刷长视频啦🤯
QQ浏览器自带AI视频总结
打开就能自动提取重点、梳理大纲😎
知识点、剧情、核心观点一目了然
还能快速跳转关键片段
看网课、纪录片、演讲都超合适
省时又省力，效率直接拉满💯
#QQ浏览器[话题]# #视频总结[话题]# #AI神器[话题]# #网课必备[话题]# #效率技巧[话题]#"
6a09dcee0000000007026e26,【Yukikoのvlog】五一长视频vlog,未分类,未分类,14,【Yukikoのvlog】五一长视频vlog #vlog[话题]# #furry[话题]# #兽圈[话题]# #兽装[话题]# #fursuit[话题]# #兽圈新人[话题]# #旅游vlog[话题]# #自驾游[话题]# #湖北恩施[话题]#
6a09b75d000000003502abfe,这是一个原声长视频~#斯巴达勇士赛[话题]# #斯巴达勇士赛2026[话题]# #斯巴达勇士赛北京[话题]# #三色周末[话题]#,场景使用,观看频率,23,这是一个原声长视频~#斯巴达勇士赛[话题]# #斯巴达勇士赛2026[话题]# #斯巴达勇士赛北京[话题]# #三色周末[话题]# 这是一个原声长视频~#斯巴达勇士赛[话题]# #斯巴达勇士赛2026[话题]# #斯巴达勇士赛北京[话题]# #三色周末[话题]#
6a09cbbd000000000702ab91,长视频,情绪感受,睡前场景,15,长视频 有听完的姐妹么#百香果[话题]# #解压助眠[话题]# #喜欢就点点关注和赞哦[话题]# #助眠[话题]# #一定要看完哦[话题]# #解压声控[话题]# #请看到最后[话题]# #喜欢就点个关注[话题]# #声控[话题]# #咀嚼音[话题]#
6a09769000000000070129f2,又是一段长视频呀,时长控制,倍速播放,22,又是一段长视频呀 呃，因为我不会剪视频，然后我比较懒。大家可以自行跳过，直接看成图，后面还放了今天画的几张#小学生画画[话题]# #oc[话题]# #摸鱼[话题]# #将就着看吧[话题]# #请看到最后[话题]# #请耐心看完[话题]# #原倍速画画[话题]# #一镜到底[话题]# 晚了，我再过一个月就要12岁了，感觉自己要变成老年人了
6a09cb1d000000003501e731,二刷小怪兽👾 | 长视频记录版📸,功能需求,碎片时间,26,"二刷小怪兽👾 | 长视频记录版📸 跟着大佬们去打怪兽🏃🏻‍♂️
机会难得用大疆记录下
————————
水平不够 爬坡跟不上🐶
跑完回来赶紧冰敷
继续养伤 慢慢恢复⛽
————————
周末运动量够够的
周六跑步+游泳
周日撸山⛰️
运动让我快乐
#跑步打卡[话题]# #撸山[话题]# #越野跑[话题]# #碎片是生活的记录[话题]# #vlog[话题]# #跑友圈[话题]# #跑友[话题]# #"
6a0985a800000000380344ce,1分半钟长视频300倍记录周六早八到早八学习日常，学不死就往死里学#我的学习进化论[话题]# #加油学习人[话题]# #沉浸式学习[话题]# #学博[话题]# #日常学习[话题]# #写作业[话题]# #学习记录[话题]#,观看体验,沉浸感,13,1分半钟长视频300倍记录周六早八到早八学习日常，学不死就往死里学#我的学习进化论[话题]# #加油学习人[话题]# #沉浸式学习[话题]# #学博[话题]# #日常学习[话题]# #写作业[话题]# #学习记录[话题]# 1分半钟长视频300倍记录周六早八到早八学习日常，学不死就往死里学#我的学习进化论[话题]# #加油学习人[话题]# #沉浸式学习[话题]# #学博[话题]# #日常学习[话题
6a09b2af0000000038023da8,无锡狸老儿｜第一篇长视频 ｜社区店,观看体验,沉浸感,17,"无锡狸老儿｜第一篇长视频 ｜社区店 #狸老儿[话题]#
#无锡新店[话题]#
#我的开店日常[话题]#
#vlog[话题]#
#沉浸式感受[话题]#
#咖啡店vlog[话题]#
#无锡冷浓缩[话题]#
#我的咖啡日记[话题]#
#富士直出[话题]#"
6a09df540000000035039134,Video-Zero：无标注自进化视频理解框架,内容质量,时长偏好,18,Video-Zero：无标注自进化视频理解框架 清华提出一个针对视频理解的无标注自进化框架Video-Zero，旨在解决视频自进化中由于视频冗余和证据稀疏导致的“弱接地”问题，通过“提问者-解决者”协同进化机制，将自进化核心从单纯的题目难度转向时间局部证据的对齐。实验表明，Video-Zero 在 13 个基准测试中显著提升了多种多模态大模型性能，在 ANet-RTL 任务上 mIoU 提升达 1
6a0a89220000000006030e87,长视频预警⚠️海外等等党的文具开箱🪎视频,观看体验,沉浸感,20,"长视频预警⚠️海外等等党的文具开箱🪎视频 开箱视频终于拍了，文本写了，ai配音了，感谢小红书🍠的强大的功能～
还有我自己，不正经vloger的坚持手搓哈哈哈😁
	
#小红书AI音色[话题]# #文具开箱[话题]# #文具[话题]# #我的文具分享[话题]# #水彩手帐[话题]# #手帐开箱[话题]# #画材消耗大作战[话题]# #MyTravelJournal[话题]# #开箱视频[话题]# #沉"
69368453000000001e02459f,"求推荐有趣有内容的长视频博主，最好是可以只听不用看着屏幕的那种
	
各种类型的都可以，最好内容形式是讲故事的#",功能需求,剧情评价,16,"求推荐有趣有内容的长视频博主，最好是可以只听不用看着屏幕的那种
	
各种类型的都可以，最好内容形式是讲故事的# 求推荐有趣有内容的长视频博主，最好是可以只听不用看着屏幕的那种
	
各种类型的都可以，最好内容形式是讲故事的#"
6a09857e00000000080261d7,24s长视频5.2🥕🉑换人,内容质量,制作水平,9,24s长视频5.2🥕🉑换人 钢琴是底图仅展示用 剪辑过程看评论区#张元英[话题]# #kpop[话题]# #wonyoung[话题]# #韩娱[话题]# #ive[话题]# #亦只猫[话题]# #芙[话题]#
6a09896b000000003502276a,拖延症晚期患者我终于把这个长视频剪辑出来了！沉浸式做大头儿子真的累🐭我了！但挡不住它们真的太可爱了！没事，可爱虽迟但到👌🏻#PUNI PUNI的捏捏 #PUNI PUNI#大人也要玩玩具[话题]# #捏捏乐[话题]# #捏捏[话题]# #捏捏分享[话题]#,观看体验,身体疲劳,10,拖延症晚期患者我终于把这个长视频剪辑出来了！沉浸式做大头儿子真的累🐭我了！但挡不住它们真的太可爱了！没事，可爱虽迟但到👌🏻#PUNI PUNI的捏捏 #PUNI PUNI#大人也要玩玩具[话题]# #捏捏乐[话题]# #捏捏[话题]# #捏捏分享[话题]# 拖延症晚期患者我终于把这个长视频剪辑出来了！沉浸式做大头儿子真的累🐭我了！但挡不住它们真的太可爱了！没事，可爱虽迟但到👌🏻#PUNI PUNI
6a02ecce0000000035024896,虚拟资料案例拆解01期:婚礼资料,功能需求,观看方式,12,虚拟资料案例拆解01期:婚礼资料 第一次做长视频，希望大家可以多多提提建议，有问题都会给大家解答，十分感谢#虚拟资料[话题]# #选品[话题]# #虚拟类目[话题]# #信息差[话题]# #保护原创反对抄袭[话题]# #干货分享[话题]#
6a09bec200000000070200e3,全网最晚拆专长视频丨裴珠泫solo正规一biggestfan#redvelvet[话题]# #裴珠泫[话题]# #Irene[话题]# #裴珠泫solo[话题]# #biggestfan[话题]# #拆专[话题]# #追星女日常[话题]#,未分类,观看频率,8,全网最晚拆专长视频丨裴珠泫solo正规一biggestfan#redvelvet[话题]# #裴珠泫[话题]# #Irene[话题]# #裴珠泫solo[话题]# #biggestfan[话题]# #拆专[话题]# #追星女日常[话题]# 全网最晚拆专长视频丨裴珠泫solo正规一biggestfan#redvelvet[话题]# #裴珠泫[话题]# #Irene[话题]# #裴珠泫solo[话题]
69973fd3000000001a037e65,求助帖！,平台对比,B站体验,26,求助帖！ Bilibili上有没有什么值得观看的长视频？[萌萌哒R]#哔哩哔哩[话题]#
69c7b23b000000002200338b,寻找可以游戏时当背景音的长视频,社交互动,情绪依赖,13,寻找可以游戏时当背景音的长视频 案件解说类博主像x调查基本都有在看，娱乐圈吐槽和影视解说的像珊子，动物园会议，影sir，瓜皮酱也有关注，游戏类像桃黑黑的视频已经看腻了，怕姐都是好几年前就关注的，甚至连戒社看直播花一毛上的灯牌现在都看到21级了，到底还有没有长视频up可以看的[哭惹R]
6a09d32e0000000008001676,次手枪腿看电影（长视频）,功能需求,用餐场景,4,"次手枪腿看电影（长视频） #吃货日常[话题]#
#一人食vlog[话题]#
#吃播[话题]#
#好好吃饭[话题]#
#吃[话题]#
#记录[话题]#"
6a0a6e200000000035031446,超级盛典线上赛投稿长视频 兜兜,未分类,未分类,10,超级盛典线上赛投稿长视频 兜兜 #中国cosplay超级盛典[话题]# #中国国际动漫节[话题]#  #coser[话题]#  #二次元[话题]#  #cosplay[话题]# #漫展[话题]# #二次元看见计划[话题]#
6a09e174000000003502f89e,kiki团代清货长视频～,观看体验,沉浸感,10,"kiki团代清货长视频～ 时隔四个月的清货，收获满满一箱！
#开箱[话题]# #沉浸式开箱体验[话题]# #开箱视频[话题]# #手帐开箱[话题]# #拆箱[话题]#"
6a0715f70000000036032773,长期拖延症 必看 3招搞定 全干货 长视频,未分类,未分类,20,长期拖延症 必看 3招搞定 全干货 长视频 #女性成长[话题]# #如何让人生开挂[话题]#  #重启人生[话题]# #提升自我[话题]# #有野心的女人[话题]# #如何成为疗愈师#拖延症自救[话题]# #相信自己[话题]# #长期主义[话题]# #女性创业[话题]# #中年少女[话题]#
6a096a320000000008024ef6,图文小红书 我发个长视频,观看体验,未分类,3,"图文小红书 我发个长视频 记录执行导演+编导的初体验
感谢宜城文旅给我们这么好的平台
感谢襄阳市花鼓戏剧团的托举
感谢团队信任和付出
感谢自己较真操心
感谢遇到的一切#楚超[话题]#"
6a07ed21000000003503b26b,想剪辑那种旅游的长视频vlog，手机上感觉屏幕小不太好操作，而且我拍的都是2-30分钟的长视频。像那些大旅游博主是不是都用电脑剪辑视频的？如果是电脑的话用什么软件剪辑？,内容质量,制作水平,21,想剪辑那种旅游的长视频vlog，手机上感觉屏幕小不太好操作，而且我拍的都是2-30分钟的长视频。像那些大旅游博主是不是都用电脑剪辑视频的？如果是电脑的话用什么软件剪辑？ 想剪辑那种旅游的长视频vlog，手机上感觉屏幕小不太好操作，而且我拍的都是2-30分钟的长视频。像那些大旅游博主是不是都用电脑剪辑视频的？如果是电脑的话用什么软件剪辑？
6a09b59b00000000080036cf,咳咳，贴画预告（长视频）,功能需求,播放控制,2,咳咳，贴画预告（长视频） #我的拼图[话题]# #贴画[话题]# 其实拼了30分钟，快给主包拼死了#希望大家喜欢[话题]# #半成品[话题]# #过程[话题]#
6a096dfc0000000006037dd4,"要求看过鬼灭之刃且有运镜功底的
因为要拍长视频类似mv那种，需要摄影对角色剧情有基本了解
剧本已经写好了，分镜也大概理了
当然也可以一起讨论
预算足够，出镜总共有三人
棚子已经找好了，可能还要出外景但这个不确定
注意！是长视频！大概总的2、3分钟这样#女摄[话题]#",内容质量,剧情评价,2,"要求看过鬼灭之刃且有运镜功底的
因为要拍长视频类似mv那种，需要摄影对角色剧情有基本了解
剧本已经写好了，分镜也大概理了
当然也可以一起讨论
预算足够，出镜总共有三人
棚子已经找好了，可能还要出外景但这个不确定
注意！是长视频！大概总的2、3分钟这样#女摄[话题]# 要求看过鬼灭之刃且有运镜功底的
因为要拍长视频类似mv那种，需要摄影对角色剧情有基本了解
剧本已经写好了，分镜也大概理了
当然也可以"
6a099c59000000003503293f,《天一咖啡节》最后一天(长视频无删减）,平台对比,碎片时间,11,"《天一咖啡节》最后一天(长视频无删减） 赶在天一咖啡节的最后一天，大概三分之一是卖咖啡，其他都是美食和别的店铺，下午三点多到有点热，逛了一圈金子热死啦，找了一个地方买杯咖啡坐会，发呆一下午，还有驻唱可以听听歌！
本来我跟金子去的时候老板空，买了一杯坐下来，后来开始排队了，付钱的时候老板还说不用了，坚持还是付了，长沙的咖啡车过来的，不容易肯定要支持一下的！
#猫咪也有人生[话题]# #带着猫猫去户外"
6a0a8d1a0000000035029842,切花长视频,功能需求,观看频率,5,"切花长视频 不爱看要及时划走哦
#花情实况播报[话题]# #花园[话题]# #爱园艺爱生活[话题]# #爱园艺爱生活[话题]# #切花自由[话题]# #种花[话题]# #每天都有值得记录的瞬间[话题]# #养花爱好者[话题]# #养花的乐趣[话题]# #鲜切花自由[话题]#"
69e784b6000000001f002f22,想听唠嗑长视频，求安利！,时长控制,剧情评价,2,"想听唠嗑长视频，求安利！ ⭐恐怖类除外（吻）
⭐时长20min~90min左右都中
⭐谢谢 owo
#博主安利[话题]# #长视频[话题]# #视频博主[话题]# #唠嗑[话题]# #故事[话题]# #推荐[话题]#"
6a09a5c10000000035028255,无剪辑的长视频，真的太可爱了，一秒都舍不得剪，我的宝贝女鹅越来越像我了。[飞吻R]#爱吃东西的小孩[话题]# #萌宝[话题]# #可爱的小孩[话题]#,内容质量,制作水平,1,无剪辑的长视频，真的太可爱了，一秒都舍不得剪，我的宝贝女鹅越来越像我了。[飞吻R]#爱吃东西的小孩[话题]# #萌宝[话题]# #可爱的小孩[话题]# 无剪辑的长视频，真的太可爱了，一秒都舍不得剪，我的宝贝女鹅越来越像我了。[飞吻R]#爱吃东西的小孩[话题]# #萌宝[话题]# #可爱的小孩[话题]#
6a0a28cb0000000008003b56,清远的长视频！,观看体验,沉浸感,3,清远的长视频！ #沉浸式游玩[话题]##大疆a6[话题]#
6a09bde600000000380201bb,#长视频vlog[话题]# #记录真实生活[话题]# #小红书发光计划[话题]#,功能需求,未分类,2,#长视频vlog[话题]# #记录真实生活[话题]# #小红书发光计划[话题]# #长视频vlog[话题]# #记录真实生活[话题]# #小红书发光计划[话题]#
6a0967db00000000060305cc,磨墨长视频，请看到最后，结尾有彩蛋,未分类,未分类,1,磨墨长视频，请看到最后，结尾有彩蛋 墨条：古梅园三星红花#文房四宝[话题]# #笔墨点亮生活[话题]#
6a098add000000003700f2b3,#戒社[话题]##求推荐[话题]##长视频[话题]# #工作[话题]##人际往来[话题]##社交[话题]#,功能需求,智能推荐,1,#戒社[话题]##求推荐[话题]##长视频[话题]# #工作[话题]##人际往来[话题]##社交[话题]# #戒社[话题]##求推荐[话题]##长视频[话题]# #工作[话题]##人际往来[话题]##社交[话题]#
6a0a6fc0000000003700d173,行测救命！龙飞图推封神笔记💥,内容发现,剧情评价,0,"行测救命！龙飞图推封神笔记💥 很多考公人图推刷题上千道，依旧凭感觉做题，遇到新题型直接卡壳，核心就是没有掌握底层破题思维！
整理了超火的【龙飞图推完整版笔记】，完全贴合龙飞老师课堂精髓，结合真题复盘优化：
✅ 汇总百大图推解题思维，基础+进阶难题全覆盖
✅ 特殊冷门考法、延伸陷阱全部标注
✅ 彩色重点标注，逻辑清晰，零基础也能看懂
✅ 摒弃冗长废话，纯考场应试干货
不用反复啃长视频，直接背规律、学"
6a09da03000000000800373d,2026中国内容机构MCN行业发展研究白皮书,观看体验,身体疲劳,1,"2026中国内容机构MCN行业发展研究白皮书 【笔记下方获取完整报告】
这份由克劳锐出品的《2026中国内容机构（MCN）行业发展研究白皮书》发布于2026年4月，旨在全景式剖析MCN行业在“微利承压、战略分化、多元突围”背景下的现状与未来。报告基于对518家MCN机构的调研，指出2026年是行业回归经营本质、从流量红利转向管理红利的“成年期”。
📉 行业现状：微利时代的收缩与提效
2025年MC"
6a0a9ec400000000380222d4,又是你们喜欢的长视频#蛋仔乐园[话题]# #推荐地图[话题]# #蛋仔派对[话题]# #老玩家的回忆[话题]# #蛋仔派对地图推荐[话题]#,功能需求,智能推荐,0,又是你们喜欢的长视频#蛋仔乐园[话题]# #推荐地图[话题]# #蛋仔派对[话题]# #老玩家的回忆[话题]# #蛋仔派对地图推荐[话题]# 又是你们喜欢的长视频#蛋仔乐园[话题]# #推荐地图[话题]# #蛋仔派对[话题]# #老玩家的回忆[话题]# #蛋仔派对地图推荐[话题]#
6a085ff600000000070267b2,现在AI也太好上手啦✨长视频一键搞定,内容质量,身体疲劳,2,"现在AI也太好上手啦✨长视频一键搞定 慢慢才发现做视频真的存在不少信息差
以前辛辛苦苦剪辑好久，
知道这个之后直接打开新世界大门啦
	
适用的场景真的超多
日常微课、优质课堂内容、科普日常、
学-生作业都能做，课件，公开课
还有短剧、漫剧、日常短片、
图文海报、创意换装、3D 创作
全都不在话下
	
操作特别轻松，把文案脚本整理好
挑选喜欢的模板，
就能自动配上语音和字幕
轻轻松松一键完成成片
平"
6a09a8660000000035024e4e,做了这么多年培训，终于学会把长视频变爆款,内容质量,制作水平,3,"做了这么多年培训，终于学会把长视频变爆款 📝 正文内容
上周帮一位行业老师处理了他的录播课视频
他讲了整整两个小时的专业内容，干货满满
但直接发到短视频平台上——播放量不到 500 😅
后来我们重新拆解了一版，第一条就跑了 3w+
🤔 问题在哪？​
长视频 ≠ 短视频
观众刷到视频的黄金时间只有前 3 秒
60 分钟的完整课程，他们没耐心看完
而且算法也推不动""太长太深""的内容
✅ 我们是怎么做的"
6a0a6a860000000038036b7a,贴文、短视频、长视频在社媒营销中不同作用,未分类,下载缓存,4,"贴文、短视频、长视频在社媒营销中不同作用 别再盲目跟风短视频了！很多B2B企业在海外营销上都踩了一个大坑：以为流量等于订单，拼命卷短视频，却忽略了成交的关键！❌
	
其实，贴文、短视频、长视频根本不是竞争关系，而是你出海路上的“转化三部曲”：
🚀短视频负责“疯狂吸睛”，把人拉进门；
📝贴文负责“建立专业”，让客户觉得你靠谱；
🎥长视频负责“重锤决策”，用硬核实力征服客户！
	
想让询盘持续不断？别"
6901d53300000000070148f2,建议做好饭点好外卖再点开此条！,观看体验,沉浸感,4253,"建议做好饭点好外卖再点开此条！ 一起沉浸式感受一下出发家族的餐桌视角，用这个下饭得老香了
#现在就出发[话题]# #现在就出发3[话题]# #现发[话题]# #下饭综艺[话题]# #电子榨菜[话题]# #美食[话题]# #正在追的综艺[话题]#"
696b4ad1000000000a02e60e,模仿不同平台旅行vlog的区别！,未分类,未分类,99000,模仿不同平台旅行vlog的区别！ #vlog[话题]# #模仿[话题]# #搞笑[话题]#
69c20554000000001d01da98,3小时超长末日合集，一口气看完,行为习惯,观看时长,52947,3小时超长末日合集，一口气看完 #原创动画[话题]# #末日生存[话题]# #一口气看完系列[话题]# #完结文[话题]# #末日[话题]#
69c0ed08000000001f005ede,两小时超长未日合集，没有砸门、尖叫等吓人音效，适合下饭、睡觉、写作业，放心观看。#原创动画 #末日 #末日生存#一口气看完系列,行为习惯,睡前场景,6069,两小时超长未日合集，没有砸门、尖叫等吓人音效，适合下饭、睡觉、写作业，放心观看。#原创动画 #末日 #末日生存#一口气看完系列 两小时超长未日合集，没有砸门、尖叫等吓人音效，适合下饭、睡觉、写作业，放心观看。#原创动画 #末日 #末日生存#一口气看完系列
68ac2541000000001c00737b,"谁能拒绝来上一集早期跑男呢？搞笑的哈哈哈
#搞笑[话题]##奔跑吧[话题]# #奔跑吧兄弟[话题]#  #综艺[话题]#  #跑男[话题]#  #邓超[话题]# #angelababy[话题]##陈赫[话题]# #李晨[话题]# #郑恺[话题]# #综艺[话题]# #名场面[话题]#  #跑男早期无敌[话题]#  #热门[话题]#  #李晨[话题]# #王祖蓝[话题]# #综艺推荐[话题]#",功能需求,智能推荐,15879,"谁能拒绝来上一集早期跑男呢？搞笑的哈哈哈
#搞笑[话题]##奔跑吧[话题]# #奔跑吧兄弟[话题]#  #综艺[话题]#  #跑男[话题]#  #邓超[话题]# #angelababy[话题]##陈赫[话题]# #李晨[话题]# #郑恺[话题]# #综艺[话题]# #名场面[话题]#  #跑男早期无敌[话题]#  #热门[话题]#  #李晨[话题]# #王祖蓝[话题]# #综艺推荐[话题]# 谁能"
69538709000000002202c1c0,宝子们好，宠粉超长2小时暴雨末日大合集来咯，希望大家都有个好梦#原创动画[话题]# #末世[话题]# #末日[话题]# #一口气看完系列[话题]# #末日生存[话题]# #末日求生[话题]#,功能需求,观看时长,50911,宝子们好，宠粉超长2小时暴雨末日大合集来咯，希望大家都有个好梦#原创动画[话题]# #末世[话题]# #末日[话题]# #一口气看完系列[话题]# #末日生存[话题]# #末日求生[话题]# 宝子们好，宠粉超长2小时暴雨末日大合集来咯，希望大家都有个好梦#原创动画[话题]# #末世[话题]# #末日[话题]# #一口气看完系列[话题]# #末日生存[话题]# #末日求生[话题]#
69c615ce0000000023012cad,三小时超长版末日大合集,场景使用,观看时长,18962,三小时超长版末日大合集 一口气看完，上班听，贼煮面 #原创动画[话题]#  #一口气看完系列[话题]#  #末日求生[话题]#  #末日[话题]#  #末日生存[话题]#
67be9fe100000000280283a7,这是个干饭节目，口水都要流下来了,观看体验,沉浸感,1675,这是个干饭节目，口水都要流下来了 #记录吧就现在[话题]# #搞笑[话题]# #涨粉[话题]# #综艺[话题]# #干饭了干饭了[话题]# #电视剧[话题]# #干饭小达人[话题]# #吃饭嘎嘎香[话题]# #沉浸式吃饭[话题]# #干饭时间到了[话题]#
6931a24f000000001e037e1e,看了b站长视频，感觉抖音的长视频质量不高了，你们有这种感觉吗[汗颜R] #b站[话题]# #长视频[话题]#,内容质量,B站体验,676,看了b站长视频，感觉抖音的长视频质量不高了，你们有这种感觉吗[汗颜R] #b站[话题]# #长视频[话题]# 看了b站长视频，感觉抖音的长视频质量不高了，你们有这种感觉吗[汗颜R] #b站[话题]# #长视频[话题]#
69e704c0000000001a037c69,英语导游讲解示范。干货长视频，请耐心观看，旅游同行请斧正。高铁抵达西安以后，在车上宣布接下来天西安游览的行程以及酒店入住事宜 Walk with Larrybunny#英语导游[话题]##英语讲解英语导游词[话题]##北京英语导游[话题]##Beijingguide[话题]##Chinaguide[话题]##Chinatravel[话题]##导游技巧[话题]##导游服务规范[话题]#,未分类,未分类,7368,英语导游讲解示范。干货长视频，请耐心观看，旅游同行请斧正。高铁抵达西安以后，在车上宣布接下来天西安游览的行程以及酒店入住事宜 Walk with Larrybunny#英语导游[话题]##英语讲解英语导游词[话题]##北京英语导游[话题]##Beijingguide[话题]##Chinaguide[话题]##Chinatravel[话题]##导游技巧[话题]##导游服务规范[话题]# 英语导游讲解
69b11076000000000800c712,请给我一些使用📺平台的理由,时长控制,时长偏好,1567,"请给我一些使用📺平台的理由 首先是更喜欢图文阅读，可以准确捕捉喜欢的内容，很少看视频，有时候一条视频看完才清楚它想表达什么，时间都浪费了。
	
其次，可能也没养成使用b站的习惯吧，社媒平台中小红书我用的多，可以检索+购物，用抖音记录生活（刷的不多，自己设置了私密账号发作品），然后在ai没有出现之前，工具类检索会使用微信搜索，也可以获得很多公众号内容和文章。
	
所以基于以上，有什么B站可以弥补的内"
69d3967e0000000021012808,一小时超长末世合集（原声版/无配音）,场景使用,制作水平,3393,一小时超长末世合集（原声版/无配音） ：宝子们，一小时超长合集（原声/无配音版本）终于来啦，全文没有吓人的音效，十分适合睡前助眠，祝大家晚安好梦~#末日[话题]# #末世[话题]# #原创动画[话题]# #一口气看完[话题]# #末日生存[话题]# #助眠[话题]#
6a044d9400000000350236c2,没有人能拒绝吃饭的时候看蜡笔小新!,功能需求,智能推荐,187,没有人能拒绝吃饭的时候看蜡笔小新! 野原广志的独自露营#动画片[话题]# #蜡笔小新动漫[话题]# #蜡笔小新[话题]# #怀旧动画片[话题]# #经典动漫推荐[话题]# #小新的存在就是治愈[话题]# #童年动漫回忆杀[话题]# #蜡笔小新日常系列[话题]# #电子榨菜[话题]# #童年的回忆总是美好的[话题]#
69f5dfb9000000003700e405,一口气看完，一小时超长大合集来咯!,行为习惯,时长偏好,3845,一口气看完，一小时超长大合集来咯! #末日[话题]# #助眠[话题]# #动画[话题]# #超长合集[话题]#
6608e49b000000001a00d172,视频比较长，建议有时间慢慢观看,时长控制,时长偏好,8426,视频比较长，建议有时间慢慢观看 改变自己，一切都来得及#知识[话题]# #赚钱[话题]# #深度思考[话题]#
69e8d998000000002200f465,原来她们是这样做到扒谱的！（15分钟长视频）,未分类,观看时长,38064,原来她们是这样做到扒谱的！（15分钟长视频） #与音乐的日常[话题]# #钢琴教学[话题]# #即兴伴奏[话题]# #课堂实录[话题]##绝对音感[话题]#  #钢琴老师[话题]# #零基础学钢琴[话题]# #扒谱[话题]# #音乐薯[话题]# #钢琴[话题]#
6a0451dd00000000080310a8,一口气看完暴雨末日（完整版）,行为习惯,睡前场景,3188,一口气看完暴雨末日（完整版） 暴雨末日下，我和妈妈在顶楼种菜养鸡吃火锅，打造末日安全屋!#原创动画[话题]# #一口气看完系列[话题]# #末日求生[话题]# #末日[话题]# #完整版[话题]# #完结文[话题]# #助眠[话题]# #暴雨末日[话题]#
67955805000000002902a566,家长里短的春晚来了,未分类,剧情评价,10955,家长里短的春晚来了 #春晚[话题]# #女生必看[话题]# #热热闹闹过大年[话题]# #化妆讲故事[话题]# #离谱[话题]# #大家的春晚[话题]# #八卦[话题]# #吃瓜[话题]#
6936ca69000000001e02c993,长视频和短视频的推送逻辑,平台对比,剧情评价,9506,"长视频和短视频的推送逻辑 终于知道B站为什么
越来越不行了
听一个博主说的，我觉得非常有道理
核心是B站作为一个长视频平台，它的推送逻辑是短视频的推送逻辑
只推送新的视频，很多几年前的优质视频几乎推送不到观众的面前，导致优质视频的浏览量并不高，新视频又无法吸引观众，观众自然觉得越来越没意思了"
69bfaf3a0000000023005518,三小时超长末世合集,场景使用,睡前场景,168392,三小时超长末世合集 宝子们，三小时超长合集来啦，全文没有吓人的音效，十分适合睡前助眠，祝大家有个好梦。#原创动画[话题]# #末日[话题]# #末世[话题]# #一口气看完系列[话题]#
69f5c6da0000000022028f8c,暴雨绝境：我弃全家独活 集合#末日求生[话题]# #原创动画[话题]# #暴雨末日[话题]##一口气看完系列[话题]#,行为习惯,观看时长,4171,暴雨绝境：我弃全家独活 集合#末日求生[话题]# #原创动画[话题]# #暴雨末日[话题]##一口气看完系列[话题]# 暴雨绝境：我弃全家独活 集合#末日求生[话题]# #原创动画[话题]# #暴雨末日[话题]##一口气看完系列[话题]#
69466434000000001e000413,雨天采蘑菇一天的收获,情绪感受,睡前场景,24097,雨天采蘑菇一天的收获 你们要的长视频来啦#野生菌[话题]# #大自然[话题]# #采蘑菇[话题]# #解压[话题]# #助眠[话题]#
69aab09d000000001a02f4e2,冷知识：优质内容要比流量更值钱,观看体验,时长偏好,8619,"冷知识：优质内容要比流量更值钱 -
这两天，刷到两个事情感觉可以合并起来和大家讲讲。
	
一个是红果大规模暂停真人微短剧项目，头部短剧公司单季度亏损7个亿。
	
另外一个B站公布了25年财报，不仅实现全年盈利，用户还连续四个季度增长，Q4更是增长了10%。
	
这是一个很反常的现象。
因为在很多人的认知中，现在的人都在看短视频、看短剧，那些中长视频没有人在看了。
	
短视频和短剧15秒一个爽点，长"
69db63ff000000001a028608,超长合集来啦~高温末世来临，我和我妈在恒温别墅里唱歌，笑看渣爹一家自食恶果#原创动画[话题]# #末世[话题]# #一口气看完系列[话题]#,行为习惯,观看时长,4790,超长合集来啦~高温末世来临，我和我妈在恒温别墅里唱歌，笑看渣爹一家自食恶果#原创动画[话题]# #末世[话题]# #一口气看完系列[话题]# 超长合集来啦~高温末世来临，我和我妈在恒温别墅里唱歌，笑看渣爹一家自食恶果#原创动画[话题]# #末世[话题]# #一口气看完系列[话题]#
6970b857000000000c0344e7,400斤情侣回农村疯狂炫饭！一口气吃24小时！,行为习惯,观看时长,12368,400斤情侣回农村疯狂炫饭！一口气吃24小时！ #vlog[话题]# #高食欲[话题]# #情侣日常[话题]# #农村烟火气最抚凡人心[话题]# #乡村美食创作人[话题]# #农村生活[话题]#
6985cdf4000000001b01df32,暴雨末日（哄睡版合集）,行为习惯,时长偏好,47140,暴雨末日（哄睡版合集） 快来听着末日动画睡觉了，暴雨末日一个半小时大合集#原创动画[话题]# #末日[话题]# #末世[话题]# #末日求生[话题]# #一口气看完[话题]# #末日生存[话题]# #暴雨[话题]# #灾难[话题]# #女主[话题]# #重生[话题]#
68997b04000000002502be46,VLOG🇬🇧篇｜30min超长视频袭来｜第二集,观看体验,未分类,45,VLOG🇬🇧篇｜30min超长视频袭来｜第二集 #英国[话题]##夏令时[话题]##vlog[话题]##横屏观看[话题]#
69db448f000000001b001e39,​长视频时代终于要回来了吗😭魂兮归来…,功能需求,进度管理,3739,"​长视频时代终于要回来了吗😭魂兮归来… 好怀念19年的互联网长视频时代，真正称得上人类群星闪耀时的野生草根时代。当时列表关注的博主和up主们在视频内容和风格上都非常有独特风格和个人表达，虽然大家都还有一种“第一次玩网”的野生和鲁莽，但能看出ta们对自己、网友乃至互联网带着应有的尊敬。
但随着短视频的赛道成为主流赛场，破站上那些满怀诚意的长视频似乎已然被挤压到逼仄的角落，生存空间日渐狭窄。
这些天在"
68a66eac000000001c013962,我真的很喜欢剪长视频！！！我喜欢选好歌然后裁素材拼接成一个故事，但是剪长视频真的好累[哭惹R][哭惹R][哭惹R]素材很难找到满意的#剪辑[话题]#,观看体验,身体疲劳,357,我真的很喜欢剪长视频！！！我喜欢选好歌然后裁素材拼接成一个故事，但是剪长视频真的好累[哭惹R][哭惹R][哭惹R]素材很难找到满意的#剪辑[话题]# 我真的很喜欢剪长视频！！！我喜欢选好歌然后裁素材拼接成一个故事，但是剪长视频真的好累[哭惹R][哭惹R][哭惹R]素材很难找到满意的#剪辑[话题]#
69b5074a000000001e00f6a7,30分钟超长完整版 循环末日,行为习惯,观看时长,3909,30分钟超长完整版 循环末日 我的闺蜜重生了N+1次，而我却没有重生。一脸懵的我被闺蜜拉着四处囤物资。#原创动画[话题]# #末世[话题]# #末日[话题]# #一口气看完系列[话题]#
699d9574000000002800979a,2小时合集（柔声版）：祝宝子们晚安好梦~,情绪感受,睡前场景,10921,2小时合集（柔声版）：祝宝子们晚安好梦~ #解压助眠[话题]# #末日[话题]# #末世[话题]# #原创动画[话题]# #末日生存[话题]# #一口气看完[话题]# #新年[话题]#
670f18e1000000001b02fc7f,超长合集.一口气看完系列#,行为习惯,观看时长,67,超长合集.一口气看完系列# 超长合集.一口气看完系列#
6876455b0000000015021fc2,"晚上三篇视频
是我第一次录的长视频 好累[暗中观察R][暗中观察R][暗中观察R]
我不会你们说的剪切
我都是一次录玩
错了就重拍
哎！！大家多点赞收藏吧
#小红书评论区可以发视频了[话题]# #请耐心看完[话题]# #谢谢大家的支持[话题]# #重要的事情[话题]# #非常感谢大家[话题]# #录屏[话题]# #谢谢宝宝们的支持[话题]# #拖更使我快乐[话题]# #不知道更什么[话题]#",观看体验,视觉疲劳,2415,"晚上三篇视频
是我第一次录的长视频 好累[暗中观察R][暗中观察R][暗中观察R]
我不会你们说的剪切
我都是一次录玩
错了就重拍
哎！！大家多点赞收藏吧
#小红书评论区可以发视频了[话题]# #请耐心看完[话题]# #谢谢大家的支持[话题]# #重要的事情[话题]# #非常感谢大家[话题]# #录屏[话题]# #谢谢宝宝们的支持[话题]# #拖更使我快乐[话题]# #不知道更什么[话题]# 晚上"
68f6bfd9000000000700c89e,#山野小邪医1[话题]##我在小红书追好剧[话题]# #情感短剧[话题]# #小红书追剧人[话题]# #一看就停不下来[话题]# #新剧追不停[话题]# #一看就上瘾[话题]# #一口气看完[话题]# #精彩剧情[话题]# #我是追剧党[话题]# #一起追剧[话题]# #剧情纯属虚构请勿模仿[话题]# #结局让人意想不到[话题]# #结局亮了[话题]# #剧情反转[话题]#,观看体验,沉浸感,217,#山野小邪医1[话题]##我在小红书追好剧[话题]# #情感短剧[话题]# #小红书追剧人[话题]# #一看就停不下来[话题]# #新剧追不停[话题]# #一看就上瘾[话题]# #一口气看完[话题]# #精彩剧情[话题]# #我是追剧党[话题]# #一起追剧[话题]# #剧情纯属虚构请勿模仿[话题]# #结局让人意想不到[话题]# #结局亮了[话题]# #剧情反转[话题]# #山野小邪医1[话题]
6a05925a0000000037034ac3,一口气看完，超长完整版合集 （极寒驿站） 六月酷暑，天气却诡异的一天比一天冷，谁也没料到，一场看似普通的暴雨过后，紧接着就是持续不断的暴雪#原创动画[话题]# #一口气看完系列[话题]# #末日生存[话题]# #合集[话题]# #二次元[话题]# #好视频扶持计划[话题]#,行为习惯,观看时长,1178,一口气看完，超长完整版合集 （极寒驿站） 六月酷暑，天气却诡异的一天比一天冷，谁也没料到，一场看似普通的暴雨过后，紧接着就是持续不断的暴雪#原创动画[话题]# #一口气看完系列[话题]# #末日生存[话题]# #合集[话题]# #二次元[话题]# #好视频扶持计划[话题]# 一口气看完，超长完整版合集 （极寒驿站） 六月酷暑，天气却诡异的一天比一天冷，谁也没料到，一场看似普通的暴雨过后，紧接着就是
6901d29b000000000301bde4,你们期待的老猫猴子终于大结局了#原创[话题]##老猫猴子[话题]##一口气看完[话题]#,功能需求,观看时长,27636,你们期待的老猫猴子终于大结局了#原创[话题]##老猫猴子[话题]##一口气看完[话题]# 你们期待的老猫猴子终于大结局了#原创[话题]##老猫猴子[话题]##一口气看完[话题]#
69f1991c0000000035022a5d,长视频跟练！肉肉脸也能画出高智感妆容,未分类,未分类,12818,长视频跟练！肉肉脸也能画出高智感妆容 #没事儿也化妆[话题]# #妆教[话题]# #化妆教程[话题]# #淡颜清冷妆[话题]# #高智感[话题]#
67b324e2000000002902f3c0,原创素材 拿了留痕,功能需求,通勤场景,12455,原创素材 拿了留痕 我在去找你的路上明白了我有多爱你 也在回来的路上明白多爱都没用.#记录吧就现在[话题]# #原创素材[话题]# #车流素材[话题]# #情感共鸣[话题]#
68a59990000000001d0360a0,50分钟一口气看完奇葩印度！内容非常精彩！,内容质量,剧情评价,13587,"50分钟一口气看完奇葩印度！内容非常精彩！ 视频质量绝对不会让您失望！
#印度[话题]# #奇葩印度[话题]##深度解析[话题]# #印度历史[话题]#"
685617c0000000000b01e5fb,超长视频素材,设备相关,跨端同步,298,超长视频素材 #原创视频[话题]# #手机随拍[话题]# #高质素材[话题]#  #视频素材[话题]# #城市街道随拍[话题]# #治愈系风景[话题]# #夜景[话题]# #夜景车流[话题]#
67efcd07000000000f031d06,突然想到一种神奇的镜头，破1000万播放,未分类,播放控制,25284,突然想到一种神奇的镜头，破1000万播放 #浅跳一下[话题]##驯速迎战[话题]#
69cbd5d1000000001a02b95d,短视频行业要变天！⽃⾳精选推出付费视频,观看体验,身体疲劳,170,"短视频行业要变天！⽃⾳精选推出付费视频 今天我突然发现斗音悄悄干了件大事，斗音精选上线付费长视频了，很多人第一反应会觉得奇怪：一个以短视频、快节奏内容起家的平台，为什么突然要深耕长视频？其实只要回头看看斗音精选这两年的布局就会明白，这不是突发奇想，而是水到渠成。
	
从数据上看，2025 年，斗音平台上超过 30 分钟的中长视频数量同比增长 207%，累计播放时长高达 3.2 亿分钟。从几百分钟的"
668dddf1000000000a004d62,北海紫霞湾日落｜长视频｜白噪音｜治愈系,场景使用,碎片时间,394,北海紫霞湾日落｜长视频｜白噪音｜治愈系 #北海[话题]# #海边日落[话题]# #旅行碎片[话题]# #我的旅行日记[话题]# #紫霞湾[话题]##治愈[话题]#
69cd0d49000000002100539a,看书与看长视频,未分类,碎片时间,18,"看书与看长视频 想问问现在这个信息时代的人，喜欢看长视频（一个小时以上）等于过去喜欢看书吗[笑哭R]。因为我自己很喜欢看长视频，但是不爱看书，但是也不喜欢看短视频。
#喜欢读书的人[话题]# #视频博客[话题]# #"
68883e860000000003027f2c,视频很长请耐心观看,未分类,未分类,3558,视频很长请耐心观看
6890791e0000000002000ece,激情满满做youtube长视频，然后就这样,平台对比,睡前场景,119,激情满满做youtube长视频，然后就这样 每周做视频，都熬夜，啥时候是个头#youtube[话题]#
6874de3b00000000240084b0,逍遥散人的死月妖花和狼人村的视频……,内容质量,剧情评价,1603,"逍遥散人的死月妖花和狼人村的视频…… 这两个长视频应该算是逍遥散人视频里面播放量比较高的吧，尤其是死月妖花，这么短的时间就已经有这么多播放量了。
	
但是我看下来……
	
怎么说呢，感觉很难看进去……
	
我最开始看的是死月妖花，看标题上面标了神作，一开始就很期待，结果点进去大家都在当谜语人，作品还是机翻，很多不知所云的东西，人物立绘物品都很杂很乱，我看了好几P有时候都会搞错人物。
	
还有这个死"
69e070fe0000000021011909,去对比了Links和李现视频的两平台数据,平台对比,B站体验,3894,"去对比了Links和李现视频的两平台数据 有没有人去对比过Links这次和李现的视频，两个平台的数据？
今天中午刚上线，我截了一下发布二十分钟左右的数字：
小红书：点赞9261，评论1110
B站：点赞5109，评论518
links不是B站百大吗，为啥数据比小红书低啊，是小红书可以免费看4K了？
#和李现攀登人生第一座雪山[话题]#  #李现[话题]# #Linksphotograph[话题]#"
6891cd540000000003024f99,于正聊长视频市场,功能需求,观看方式,952,"于正聊长视频市场 说短剧宛如低配版的网大，还提到长视频没落是因为不专业领导、盲目选角这些问题，建议把选角权给创作者，剧本扎实再开机。
#于正[话题]# #影视[话题]# #短剧[话题]# #长视频[话题]# #娱乐圈[话题]#"
68a1885e000000001d01a1e6,小白的人生第一支视频,功能需求,制作水平,10011,"小白的人生第一支视频 -
一直喜欢图文作为获取知识的载体，
而视频只会选择看B站的长视频。
但时代总会裹挟着人们前进，内心再抗拒也不得不学起来。
以前找了好多理由，比如电脑性能跟不上，镜头跟不上，没有三脚架，没有稳定器……
而其实很多大神用手机也能拍出好作品。
口头上说一万次不如真正实操一次。
人生中的第一支视频，手忙脚乱，
奋战了一天一夜勉强能够导出来。
不会拍灰片，帧率设置的不对，
一调色就死"
69c8c97a000000001a0317af,为什么我感觉B站越来越稳了？,平台对比,B站体验,2119,为什么我感觉B站越来越稳了？ #B站[话题]# #哔哩哔哩[话题]# #互联网[话题]# #互联网大厂[话题]# #内容[话题]# #长视频[话题]#
69e5c939000000001a037a23,谢飞：电影式微，UP主或将创造人类第十艺术,功能需求,剧情评价,919,"谢飞：电影式微，UP主或将创造人类第十艺术 在听完谢飞导演半小时的分享中，我并不沮丧，反而萌生一种希望。因为在谢飞导演看来，up主们，内容创作者们，好好学电影中的蒙太奇和视听语言表达，能将中长视频，以一种更有意思的形式，找到更多的观众。
毕竟，不管什么年代，人类永远喜欢听故事。内容创作者们，接下来，是长视频的时代
	
#谢飞[话题]# #北京电影学院[话题]# #中国广播电视精品创作大会[话题]#"
689457e1000000002302b28b,长视频,未分类,未分类,105827,长视频 长视频
